control_name,control_value,COUNTY_preliminary_balanced_weight,COUNTY_balanced_weight,COUNTY_integer_weight,TAZ_NODE_balanced_weight,TAZ_NODE_integer_weight,MAZ_NODE_balanced_weight,MAZ_NODE_integer_weight,county_id,county_name,result,control
numhh,418066.0,418678.387486652,418776.7503702616,418718.0,418776.7503702616,418898,418776.7503702616,419282,1,San Francisco,418898,418678.387486652
numhh_gq,444833.0,444875.34604563535,444879.5115078524,444833.0,444879.5115078524,444833,444879.5115078524,444955,1,San Francisco,444833,444875.34604563535
hh_gq_university,7291.0,7060.156721766988,7002.264436378158,7011.0,7002.264436378158,6926,7002.264436378158,6985,1,San Francisco,6926,7060.156721766988
hh_gq_noninstitutional,19447.0,19136.80183721635,19100.496701212556,19104.0,19100.496701212556,19009,19100.496701212556,18688,1,San Francisco,19009,19136.80183721635
hh_size_1,170335.0,187560.32379337787,187831.6936419535,187753.0,187831.6936419535,186832,187831.6936419535,186780,1,San Francisco,186832,187560.32379337787
hh_size_2,150067.0,133039.4947677606,132766.0519880923,132750.0,132766.05198809234,132983,132766.05198809234,133077,1,San Francisco,132983,133039.4947677606
hh_size_3,58101.0,47715.87004920729,47551.11004405156,47566.0,47551.110044051566,47873,47551.110044051566,47954,1,San Francisco,47873,47715.87004920729
hh_size_4,43536.0,31587.222065934013,31976.341510019636,31998.0,31976.341510019643,32359,31976.341510019643,32471,1,San Francisco,32359,31587.222065934013
hh_size_5,14953.0,10584.502778882705,10565.720310580811,10568.0,10565.72031058081,10693,10565.72031058081,10787,1,San Francisco,10693,10584.502778882705
hh_size_6_plus,13272.0,8190.9740314894625,8085.8328755637585,8083.0,8085.832875563759,8158,8085.832875563759,8213,1,San Francisco,8158,8190.9740314894625
hh_wrks_0,97721.0,97416.23752479188,98884.03216943792,98881.0,98884.03216943792,99065,98884.03216943792,99292,1,San Francisco,99065,97416.23752479188
hh_wrks_1,176851.0,165497.04865714395,166233.04780918342,166177.0,166233.0478091834,166046,166233.0478091834,165831,1,San Francisco,166046,165497.04865714395
hh_wrks_2,139322.0,122709.50484422344,122017.63565572602,122006.0,122017.63565572602,121892,122017.63565572602,122191,1,San Francisco,121892,122709.50484422344
hh_wrks_3_plus,36185.0,33055.59646049268,31642.034735914247,31654.0,31642.034735914243,31895,31642.034735914247,31968,1,San Francisco,31895,33055.59646049268
pers_age_00_19,126832.0,128043.2869871329,128121.69497594384,128155.0,128121.69497594384,128807,128121.69497594384,128984,1,San Francisco,128807,128043.2869871329
pers_age_20_34,218033.0,222821.2962204341,222770.64988664084,222782.0,222770.64988664087,223257,222770.64988664087,223710,1,San Francisco,223257,222821.2962204341
pers_age_35_64,347863.0,354379.9905341464,354366.65796247625,354346.0,354366.65796247625,355404,354366.65796247625,355951,1,San Francisco,355404,354379.9905341464
pers_age_65_plus,143608.0,146186.60608724135,146207.86719797313,146214.0,146207.86719797313,147032,146207.86719797313,147292,1,San Francisco,147032,146186.60608724135
hh_kids_yes,83765.0,80059.92292337556,79800.90663806984,79818.0,79800.90663806984,80138,79800.90663806985,80178,1,San Francisco,80138,80059.92292337556
hh_kids_no,366293.0,338618.4645632764,338975.8437321917,338900.0,338975.8437321918,338760,338975.8437321918,339104,1,San Francisco,338760,338618.4645632764
pers_occ_management,91938.0,151453.36062475873,93510.97057125773,93527.0,93510.97057125773,93833,93510.97057125773,94138,1,San Francisco,93833,151453.36062475873
pers_occ_professional,220809.0,196275.81866057232,224457.7111104992,224410.0,224457.7111104992,224204,224457.7111104992,224212,1,San Francisco,224204,196275.81866057232
pers_occ_services,107065.0,62167.640795127765,107603.22467431492,107604.0,107603.22467431492,107743,107603.22467431492,107869,1,San Francisco,107743,62167.640795127765
pers_occ_retail,66925.0,78264.63908496911,67699.57148012778,67702.0,67699.57148012778,68034,67699.57148012778,68327,1,San Francisco,68034,78264.63908496911
pers_occ_manual_military,59144.0,37602.51360292273,59285.80063812764,59284.0,59285.80063812765,59431,59285.80063812765,59555,1,San Francisco,59431,37602.51360292273
inc_lt_20k,49334.0,46553.75813525939,45778.984907045786,45769.0,45778.98490704579,45665,45778.98490704579,45551,1,San Francisco,45665,46553.75813525939
inc_20k_45k,43136.0,40697.50950720152,40092.13498748757,40078.0,40092.13498748757,40054,40092.13498748757,40176,1,San Francisco,40054,40697.50950720152
inc_45k_60k,22965.0,21444.09056049029,21155.60447250404,21159.0,21155.60447250404,21253,21155.60447250404,21333,1,San Francisco,21253,21444.09056049029
inc_60k_75k,20905.0,19984.230501683996,19740.73880022457,19739.0,19740.73880022457,19717,19740.73880022457,19688,1,San Francisco,19717,19984.230501683996
inc_75k_100k,35619.0,34403.945643023115,33981.972367166745,33977.0,33981.972367166745,33994,33981.972367166745,34027,1,San Francisco,33994,34403.945643023115
inc_100k_150k,59369.0,55622.37578992664,54986.84818961784,54963.0,54986.84818961784,54982,54986.84818961784,55093,1,San Francisco,54982,55622.37578992664
inc_150k_200k,51578.0,47712.79802331687,47194.08745721257,47195.0,47194.08745721257,47183,47194.08745721257,47113,1,San Francisco,47183,47712.79802331687
inc_200k_plus,167493.0,151148.2536735195,149716.3628645003,149706.0,149716.36286450026,149798,149716.36286450026,149946,1,San Francisco,149798,151148.2536735195
numhh,288347.0,287992.0351592977,287996.0608399934,288132.0,287996.0608399934,288246,287996.0608399934,288461,2,San Mateo,288246,287992.0351592977
numhh_gq,294729.0,294568.0549684285,294576.78585767065,294729.0,294576.78585767065,294729,294576.78585767065,294729,2,San Mateo,294729,294568.0549684285
hh_gq_university,964.0,1007.2507792433356,1007.2084558206964,1009.0,1007.2084558206964,959,1007.2084558206964,963,2,San Mateo,959,1007.2507792433356
hh_gq_noninstitutional,5392.0,5568.769029887482,5573.516561856565,5588.0,5573.516561856564,5524,5573.516561856564,5305,2,San Mateo,5524,5568.769029887482
hh_size_1,65554.0,73406.73320794059,73860.82415058425,73880.0,73860.82415058425,73595,73860.82415058425,73788,2,San Mateo,73595,73406.73320794059
hh_size_2,87687.0,94560.99884604372,94763.84713583071,94820.0,94763.84713583071,94740,94763.84713583071,94684,2,San Mateo,94740,94560.99884604372
hh_size_3,48323.0,50769.96296341111,50728.89332538881,50755.0,50728.89332538882,50912,50728.89332538882,50944,2,San Mateo,50912,50769.96296341111
hh_size_4,41962.0,42715.00960844626,42551.63892097321,42573.0,42551.6389209732,42744,42551.6389209732,42781,2,San Mateo,42744,42715.00960844626
hh_size_5,16307.0,16204.590412354904,16041.50336521106,16049.0,16041.50336521106,16148,16041.50336521106,16145,2,San Mateo,16148,16204.590412354904
hh_size_6_plus,11113.0,10334.740121101093,10049.353942005342,10055.0,10049.353942005342,10107,10049.353942005342,10119,2,San Mateo,10107,10334.740121101093
hh_wrks_0,54148.0,57753.360214727305,59012.73617644785,59039.0,59012.736176447856,59126,59012.736176447856,59280,2,San Mateo,59126,57753.360214727305
hh_wrks_1,96370.0,102935.91834337804,103623.717420699,103674.0,103623.717420699,103597,103623.717420699,103647,2,San Mateo,103597,102935.91834337804
hh_wrks_2,92359.0,98119.03846946175,97220.43218110758,97266.0,97220.43218110758,97253,97220.43218110758,97236,2,San Mateo,97253,98119.03846946175
hh_wrks_3_plus,27922.0,29183.718131730555,28139.17506173894,28153.0,28139.17506173894,28270,28139.17506173894,28298,2,San Mateo,28270,29183.718131730555
pers_age_00_19,162831.0,163329.12107604786,163396.33436487487,163473.0,163396.33436487487,163940,163396.33436487487,164012,2,San Mateo,163940,163329.12107604786
pers_age_20_34,146156.0,146624.89175758944,146648.317979253,146734.0,146648.317979253,146954,146648.317979253,146906,2,San Mateo,146954,146624.89175758944
pers_age_35_64,307192.0,308231.0225642217,308313.64422684885,308468.0,308313.6442268489,308916,308313.6442268489,309072,2,San Mateo,308916,308231.0225642217
pers_age_65_plus,128887.0,129278.73715757948,129326.72831257436,129405.0,129326.7283125744,129599,129326.7283125744,129538,2,San Mateo,129599,129278.73715757948
hh_kids_yes,83226.0,88634.33040233138,88500.54049723425,88534.0,88500.54049723424,88752,88500.54049723425,88890,2,San Mateo,88752,88634.33040233138
hh_kids_no,187577.0,199357.7047569663,199495.52034275912,199598.0,199495.52034275915,199494,199495.52034275915,199571,2,San Mateo,199494,199357.7047569663
pers_occ_management,65248.0,95452.2581299427,66518.57404511236,66576.0,66518.57404511236,66691,66518.57404511236,66507,2,San Mateo,66691,95452.2581299427
pers_occ_professional,150320.0,133886.42566715708,153275.32872339067,153352.0,153275.3287233907,153311,153275.3287233907,153215,2,San Mateo,153311,133886.42566715708
pers_occ_services,84703.0,58812.171100446525,85858.60497043282,85883.0,85858.60497043282,86002,85858.60497043282,86217,2,San Mateo,86002,58812.171100446525
pers_occ_retail,50183.0,62560.10516285196,50832.179609465216,50858.0,50832.17960946522,50990,50832.17960946522,50975,2,San Mateo,50990,62560.10516285196
pers_occ_manual_military,73005.0,51103.35122282833,73849.03028886445,73869.0,73849.03028886445,73994,73849.03028886445,74217,2,San Mateo,73994,51103.35122282833
inc_lt_20k,14882.0,15624.31928511108,15562.336571660002,15565.0,15562.336571660004,15519,15562.336571660004,15554,2,San Mateo,15519,15624.31928511108
inc_20k_45k,23123.0,24379.242503440844,24276.63299036568,24287.0,24276.63299036568,24267,24276.632990365677,24265,2,San Mateo,24267,24379.242503440844
inc_45k_60k,14169.0,14866.060770739865,14815.292057978962,14821.0,14815.292057978962,14841,14815.292057978962,14837,2,San Mateo,14841,14866.060770739865
inc_60k_75k,15207.0,15991.370581752852,15903.6272336395,15911.0,15903.6272336395,15907,15903.6272336395,15937,2,San Mateo,15907,15991.370581752852
inc_75k_100k,22688.0,23777.660039637216,23684.11806095393,23696.0,23684.11806095393,23688,23684.11806095393,23778,2,San Mateo,23688,23777.660039637216
inc_100k_150k,41705.0,43921.910884640994,43694.57400681746,43709.0,43694.57400681746,43742,43694.57400681746,43711,2,San Mateo,43742,43921.910884640994
inc_150k_200k,34089.0,35817.45130106239,35615.16925501885,35630.0,35615.16925501885,35634,35615.16925501885,35668,2,San Mateo,35634,35817.45130106239
inc_200k_plus,105122.0,111727.79554400223,110927.15886293682,110996.0,110927.1588629368,111099,110927.1588629368,110980,2,San Mateo,111099,111727.79554400223
numhh,703972.0,703478.0063709681,703481.9089750965,703599.0,703481.9089750965,703982,703481.9089750965,704489,3,Santa Clara,703982,703478.0063709681
numhh_gq,737391.0,737256.9215355879,737266.4460517603,737391.0,737266.4460517602,737391,737266.4460517602,737391,3,Santa Clara,737391,737256.9215355879
hh_gq_university,20858.0,21151.757903605496,21158.250459107247,21165.0,21158.250459107247,20826,21158.250459107247,20677,3,Santa Clara,20826,21151.757903605496
hh_gq_noninstitutional,12545.0,12627.157261014125,12626.286617556549,12627.0,12626.286617556543,12583,12626.286617556543,12225,3,Santa Clara,12583,12627.157261014125
hh_size_1,151686.0,159412.64990043914,159580.5363270006,159595.0,159580.53632700056,159246,159580.53632700056,159250,3,Santa Clara,159246,159412.64990043914
hh_size_2,218656.0,223939.40507667087,224118.1081778636,224150.0,224118.1081778636,224116,224118.1081778636,224123,3,Santa Clara,224116,223939.40507667087
hh_size_3,129554.0,130218.86105132777,130335.23476123335,130342.0,130335.23476123335,130576,130335.23476123335,130729,3,Santa Clara,130576,130218.86105132777
hh_size_4,117433.0,115946.73229647672,115930.16285933986,115958.0,115930.16285933983,116172,115930.16285933983,116356,3,Santa Clara,116172,115946.73229647672
hh_size_5,46099.0,45125.007530679264,45004.48685072679,45022.0,45004.48685072678,45194,45004.48685072678,45303,3,Santa Clara,45194,45125.007530679264
hh_size_6_plus,29871.0,28835.35051537436,28513.37999893227,28532.0,28513.379998932272,28678,28513.379998932272,28728,3,Santa Clara,28678,28835.35051537436
hh_wrks_0,122149.0,125212.33432067207,126096.01585293634,126115.0,126096.01585293634,126377,126096.01585293634,126702,3,Santa Clara,126377,125212.33432067207
hh_wrks_1,260062.0,263715.6689476509,264001.60847228253,264046.0,264001.60847228253,263992,264001.60847228253,263859,3,Santa Clara,263992,263715.6689476509
hh_wrks_2,236989.0,239885.13635683808,239407.30036144124,239437.0,239407.30036144124,239461,239407.30036144124,239629,3,Santa Clara,239461,239885.13635683808
hh_wrks_3_plus,73695.0,74664.86674580708,73976.98428843636,74001.0,73976.98428843635,74152,73976.98428843635,74299,3,Santa Clara,74152,74664.86674580708
pers_age_00_19,447922.0,448963.4919452554,449086.2282655029,449236.0,449086.228265503,449926,449086.228265503,450544,3,Santa Clara,449926,448963.4919452554
pers_age_20_34,420459.0,421270.2035452454,421272.3703291991,421331.0,421272.3703291991,421396,421272.3703291991,421933,3,Santa Clara,421396,421270.2035452454
pers_age_35_64,761015.0,762940.2733849653,762944.8875230041,763133.0,762944.8875230043,764280,762944.8875230043,764802,3,Santa Clara,764280,762940.2733849653
pers_age_65_plus,273930.0,274681.8803795109,274696.6592847282,274749.0,274696.65928472823,275523,274696.65928472823,275448,3,Santa Clara,275523,274681.8803795109
hh_kids_yes,230232.0,235070.50346871943,234590.45522910237,234650.0,234590.4552291024,234995,234590.4552291024,235381,3,Santa Clara,234995,235070.50346871943
hh_kids_no,462658.0,468407.5029022488,468891.453745994,468949.0,468891.4537459941,468987,468891.4537459941,469108,3,Santa Clara,468987,468407.5029022488
pers_occ_management,148598.0,213946.40364120447,149427.51003444448,149473.0,149427.51003444454,149679,149427.51003444454,149513,3,Santa Clara,149679,213946.40364120447
pers_occ_professional,445103.0,397274.5690013716,446678.52904107736,446730.0,446678.5290410773,446617,446678.5290410773,446825,3,Santa Clara,446617,397274.5690013716
pers_occ_services,188853.0,126347.12048141152,189229.43992111692,189274.0,189229.43992111692,189599,189229.4399211169,189931,3,Santa Clara,189599,126347.12048141152
pers_occ_retail,121576.0,144791.5558233388,121820.47269193565,121852.0,121820.47269193565,122052,121820.47269193565,122081,3,Santa Clara,122052,144791.5558233388
pers_occ_manual_military,169346.0,124330.34632104386,169272.08430923906,169301.0,169272.08430923906,169518,169272.08430923906,170000,3,Santa Clara,169518,124330.34632104386
inc_lt_20k,41543.0,41789.10530313066,41721.7988439036,41724.0,41721.79884390359,41677,41721.79884390358,41652,3,Santa Clara,41677,41789.10530313066
inc_20k_45k,53942.0,54714.10928603653,54611.60616830824,54620.0,54611.60616830822,54627,54611.60616830822,54647,3,Santa Clara,54627,54714.10928603653
inc_45k_60k,33092.0,33551.27978387172,33500.59160189857,33506.0,33500.59160189857,33498,33500.59160189857,33557,3,Santa Clara,33498,33551.27978387172
inc_60k_75k,34803.0,35266.55141197346,35202.46253051634,35209.0,35202.46253051635,35146,35202.46253051635,35237,3,Santa Clara,35146,35266.55141197346
inc_75k_100k,57308.0,58219.78169346346,58114.60345829957,58118.0,58114.60345829958,58191,58114.60345829958,58230,3,Santa Clara,58191,58219.78169346346
inc_100k_150k,105662.0,107013.11948570774,106783.44330673516,106807.0,106783.44330673512,106873,106783.44330673512,106859,3,Santa Clara,106873,107013.11948570774
inc_150k_200k,88459.0,88967.50979728601,88833.87103700526,88846.0,88833.87103700527,88902,88833.87103700527,88887,3,Santa Clara,88902,88967.50979728601
inc_200k_plus,278639.0,281828.7668566732,281129.294349064,281187.0,281129.29434906406,281310,281129.29434906406,281368,3,Santa Clara,281310,281828.7668566732
numhh,646260.0,648881.6955317012,648894.7568133373,648808.0,648894.7568133373,649056,648894.7568133373,649718,4,Alameda,649056,648881.6955317012
numhh_gq,693547.0,693622.1075646989,693630.7458217972,693547.0,693630.7458217972,693547,693630.7458217972,693547,4,Alameda,693547,693622.1075646989
hh_gq_university,19074.0,18704.151591001428,18704.235717539028,18703.0,18704.23571753903,18595,18704.23571753903,18425,4,Alameda,18595,18704.151591001428
hh_gq_noninstitutional,28169.0,26036.26044199604,26031.753290920693,26036.0,26031.753290920693,25896,26031.753290920693,25404,4,Alameda,25896,26036.26044199604
hh_size_1,170178.0,181078.3719088242,181475.00848618467,181452.0,181475.00848618464,180646,181475.00848618464,180686,4,Alameda,180646,181078.3719088242
hh_size_2,207543.0,205761.69328105496,205982.9887948725,205946.0,205982.98879487248,205941,205982.98879487248,206177,4,Alameda,205941,205761.69328105496
hh_size_3,118346.0,110477.3448946417,110496.90184660487,110474.0,110496.90184660487,110808,110496.90184660487,110924,4,Alameda,110808,110477.3448946417
hh_size_4,105711.0,93153.57725434413,93106.48351978375,93089.0,93106.48351978375,93479,93106.48351978375,93643,4,Alameda,93479,93153.57725434413
hh_size_5,41559.0,35943.864214373185,35832.48809302371,35840.0,35832.48809302372,36057,35832.48809302372,36152,4,Alameda,36057,35943.864214373185
hh_size_6_plus,26607.0,22466.843978463246,22000.88607286783,22007.0,22000.886072867823,22125,22000.886072867823,22136,4,Alameda,22125,22466.843978463246
hh_wrks_0,141896.0,138329.86118944178,138410.00928244455,138387.0,138410.0092824446,138396,138410.0092824446,138787,4,Alameda,138396,138329.86118944178
hh_wrks_1,246604.0,239384.1231755516,239480.1375331731,239458.0,239480.1375331732,239247,239480.1375331732,239197,4,Alameda,239247,239384.1231755516
hh_wrks_2,220290.0,211861.56833419864,212377.0497394752,212329.0,212377.0497394752,212503,212377.0497394752,212623,4,Alameda,212503,211861.56833419864
hh_wrks_3_plus,60733.0,59306.1428325094,58627.56025824444,58634.0,58627.56025824444,58910,58627.56025824444,59111,4,Alameda,58910,59306.1428325094
pers_age_00_19,370538.0,372648.3538843489,372713.8272747241,372694.0,372713.82727472414,373910,372713.82727472414,374160,4,Alameda,373910,372648.3538843489
pers_age_20_34,352416.0,354805.08628892817,354815.2034041533,354808.0,354815.20340415335,355486,354815.20340415335,355714,4,Alameda,355486,354805.08628892817
pers_age_35_64,682255.0,686644.4043516893,686691.435484157,686633.0,686691.435484157,687843,686691.435484157,688553,4,Alameda,687843,686644.4043516893
pers_age_65_plus,246870.0,248461.64626429812,248500.6465371767,248457.0,248500.64653717677,248952,248500.64653717677,249205,4,Alameda,248952,248461.64626429812
hh_kids_yes,215895.0,208974.4164807833,209010.53141864305,208987.0,209010.53141864293,209519,209010.53141864293,209760,4,Alameda,209519,208974.4164807833
hh_kids_no,453623.0,439907.27905091806,439884.2253946944,439821.0,439884.2253946944,439537,439884.2253946944,439958,4,Alameda,439537,439907.27905091806
pers_occ_management,129505.0,190857.76081542228,129418.52340127048,129390.0,129418.52340127048,129706,129418.52340127048,129724,4,Alameda,129706,190857.76081542228
pers_occ_professional,339451.0,307386.5294515689,338238.2234117193,338162.0,338238.22341171926,338252,338238.22341171926,338546,4,Alameda,338252,307386.5294515689
pers_occ_services,195841.0,111809.62497986088,196324.2121684324,196351.0,196324.2121684324,196556,196324.2121684324,196658,4,Alameda,196556,111809.62497986088
pers_occ_retail,110204.0,136883.83616260477,110349.00579004192,110340.0,110349.00579004192,110738,110349.00579004192,110845,4,Alameda,110738,136883.83616260477
pers_occ_manual_military,168953.0,127680.48152850253,169111.7919548522,169130.0,169111.79195485223,169384,169111.79195485223,169560,4,Alameda,169384,127680.48152850253
inc_lt_20k,58207.0,56866.10299949149,56806.684535521366,56795.0,56806.684535521366,56603,56806.684535521366,56638,4,Alameda,56603,56866.10299949149
inc_20k_45k,66347.0,65328.57728357269,65250.45097554816,65248.0,65250.45097554816,65116,65250.45097554816,65113,4,Alameda,65116,65328.57728357269
inc_45k_60k,39628.0,38858.66519126263,38801.98580177877,38803.0,38801.98580177877,38794,38801.98580177877,38850,4,Alameda,38794,38858.66519126263
inc_60k_75k,41187.0,40327.09494552898,40267.76144363345,40272.0,40267.76144363346,40327,40267.76144363346,40241,4,Alameda,40327,40327.09494552898
inc_75k_100k,61382.0,60396.655104064055,60328.44098393087,60328.0,60328.44098393087,60352,60328.44098393087,60433,4,Alameda,60352,60396.655104064055
inc_100k_150k,108777.0,106067.0578092906,105942.00166496448,105926.0,105942.0016649645,105948,105942.00166496453,106070,4,Alameda,105948,106067.0578092906
inc_150k_200k,82258.0,79469.88783742924,79357.50610651789,79347.0,79357.50610651789,79299,79357.50610651789,79375,4,Alameda,79299,79469.88783742924
inc_200k_plus,212440.0,201246.17695072817,200883.6811489408,200831.0,200883.6811489408,201108,200883.6811489408,201112,4,Alameda,201108,201246.17695072817
numhh,432066.0,431863.062403793,431877.3239760211,431981.0,431877.32397602114,432045,431877.32397602114,432266,5,Contra Costa,432045,431863.062403793
numhh_gq,439210.0,439085.98775479005,439099.5548414238,439210.0,439099.5548414239,439210,439099.5548414239,439210,5,Contra Costa,439210,439085.98775479005
hh_gq_university,1551.0,1605.2025980676935,1606.0809531603272,1607.0,1606.0809531603272,1575,1606.0809531603272,1505,5,Contra Costa,1575,1605.2025980676935
hh_gq_noninstitutional,5553.0,5617.722752929362,5616.149912242363,5622.0,5616.149912242363,5590,5616.149912242363,5439,5,Contra Costa,5590,5617.722752929362
hh_size_1,92511.0,100300.45496931169,100559.74441005848,100583.0,100559.74441005848,100333,100559.74441005848,100457,5,Contra Costa,100333,100300.45496931169
hh_size_2,130946.0,137622.46507944042,137796.52615922428,137831.0,137796.52615922425,137793,137796.52615922425,137779,5,Contra Costa,137793,137622.46507944042
hh_size_3,74954.0,76385.18376188829,76391.7407777832,76411.0,76391.74077778318,76520,76391.74077778318,76564,5,Contra Costa,76520,76385.18376188829
hh_size_4,68153.0,67387.6596996055,67287.61333889641,67309.0,67287.61333889641,67460,67287.61333889641,67497,5,Contra Costa,67460,67387.6596996055
hh_size_5,31311.0,30350.739100708342,30230.97954558901,30236.0,30230.979545589013,30304,30230.979545589013,30347,5,Contra Costa,30304,30350.739100708342
hh_size_6_plus,20819.0,19816.55979283873,19610.71974446986,19611.0,19610.719744469858,19635,19610.719744469858,19622,5,Contra Costa,19635,19816.55979283873
hh_wrks_0,96620.0,100138.7976923097,101174.6349786672,101204.0,101174.63497866718,101302,101174.63497866718,101563,5,Contra Costa,101302,100138.7976923097
hh_wrks_1,150789.0,155685.46888513188,156056.91486010124,156085.0,156056.9148601012,156063,156056.9148601012,155990,5,Contra Costa,156063,155685.46888513188
hh_wrks_2,129753.0,133812.05956841336,133102.9987542477,133138.0,133102.9987542477,133097,133102.9987542477,133125,5,Contra Costa,133097,133812.05956841336
hh_wrks_3_plus,41339.0,42226.73625793798,41542.77538300508,41554.0,41542.77538300506,41583,41542.77538300508,41588,5,Contra Costa,41583,42226.73625793798
pers_age_00_19,285157.0,285932.81162893574,286007.23032230407,286055.0,286007.23032230407,286402,286007.23032230407,286506,5,Contra Costa,286402,285932.81162893574
pers_age_20_34,208013.0,208591.7004685922,208582.02597288607,208625.0,208582.0259728861,208850,208582.0259728861,208716,5,Contra Costa,208850,208591.7004685922
pers_age_35_64,474358.0,475873.8012590413,475865.8738069944,475983.0,475865.8738069944,476279,475865.8738069944,476513,5,Contra Costa,476279,475873.8012590413
pers_age_65_plus,193806.0,194497.3922161278,194522.1450451903,194585.0,194522.14504519032,194739,194522.14504519032,194813,5,Contra Costa,194739,194497.3922161278
hh_kids_yes,147159.0,151144.16879421938,150997.03448032777,151026.0,150997.03448032777,151185,150997.03448032777,151354,5,Contra Costa,151185,151144.16879421938
hh_kids_no,271344.0,280718.89360957354,280880.2894956934,280955.0,280880.2894956934,280860,280880.2894956934,280912,5,Contra Costa,280860,280718.89360957354
pers_occ_management,86255.0,124732.4383632858,87227.9448776435,87265.0,87227.94487764352,87309,87227.94487764352,87289,5,Contra Costa,87309,124732.4383632858
pers_occ_professional,179504.0,153867.84760751526,181467.9587888324,181510.0,181467.9587888324,181485,181467.9587888324,181497,5,Contra Costa,181485,153867.84760751526
pers_occ_services,132158.0,90252.89144364292,132958.9297730153,132973.0,132958.9297730153,133083,132958.92977301532,133199,5,Contra Costa,133083,90252.89144364292
pers_occ_retail,85156.0,103938.41739699748,85894.85997194452,85919.0,85894.8599719445,85965,85894.8599719445,85977,5,Contra Costa,85965,103938.41739699748
pers_occ_manual_military,125128.0,93260.96141085,125920.29204486829,125933.0,125920.29204486826,125936,125920.29204486826,125994,5,Contra Costa,125936,93260.96141085
inc_lt_20k,29703.0,30531.13883530384,30347.359250892598,30349.0,30347.359250892598,30280,30347.359250892598,30318,5,Contra Costa,30280,30531.13883530384
inc_20k_45k,40901.0,41939.87280749321,41706.99912615495,41716.0,41706.99912615497,41688,41706.99912615497,41675,5,Contra Costa,41688,41939.87280749321
inc_45k_60k,26395.0,27194.864111130217,27017.000029360075,27022.0,27017.000029360075,27010,27017.000029360075,26979,5,Contra Costa,27010,27194.864111130217
inc_60k_75k,26888.0,27656.867710432267,27482.605348590834,27487.0,27482.605348590834,27489,27482.605348590834,27488,5,Contra Costa,27489,27656.867710432267
inc_75k_100k,43150.0,44353.69103938749,44079.94709610201,44088.0,44079.94709610201,44059,44079.94709610201,44068,5,Contra Costa,44059,44353.69103938749
inc_100k_150k,74964.0,77152.17516311017,76674.519322779,76688.0,76674.519322779,76796,76674.519322779,76744,5,Contra Costa,76796,77152.17516311017
inc_150k_200k,57270.0,58928.777493867085,58581.1881333617,58594.0,58581.18813336171,58569,58581.18813336171,58544,5,Contra Costa,58569,58928.777493867085
inc_200k_plus,119542.0,123433.25797737014,122798.89529229034,122846.0,122798.8952922903,122848,122798.8952922903,122918,5,Contra Costa,122848,123433.25797737014
numhh,165536.0,165440.76949732448,165439.68376190122,165480.0,165439.68376190125,165522,165439.68376190125,165601,6,Solano,165522,165440.76949732448
numhh_gq,168073.0,168022.3997137921,168025.1588772024,168073.0,168025.15887720243,168073,168025.15887720243,168073,6,Solano,168073,168022.3997137921
hh_gq_university,874.0,897.3516626500545,899.2185890358217,900.0,899.2185890358218,878,899.2185890358218,872,6,Solano,878,897.3516626500545
hh_gq_noninstitutional,1647.0,1684.2785538175822,1686.2565262653516,1693.0,1686.2565262653516,1673,1686.2565262653516,1600,6,Solano,1673,1684.2785538175822
hh_size_1,38834.0,40725.94738727431,41164.21657414812,41171.0,41164.21657414812,41012,41164.21657414812,41045,6,Solano,41012,40725.94738727431
hh_size_2,50687.0,52536.2624255058,52728.30548871087,52739.0,52728.30548871088,52693,52728.30548871088,52691,6,Solano,52693,52536.2624255058
hh_size_3,27259.0,28262.207225939605,28211.44962352114,28219.0,28211.44962352114,28297,28211.44962352114,28301,6,Solano,28297,28262.207225939605
hh_size_4,22107.0,22733.64440689464,22567.75315022386,22573.0,22567.753150223867,22663,22567.753150223867,22693,6,Solano,22663,22733.64440689464
hh_size_5,12428.0,12705.93342517733,12557.358658999565,12565.0,12557.358658999568,12635,12557.358658999568,12631,6,Solano,12635,12705.93342517733
hh_size_6_plus,8488.0,8476.774626532791,8210.600266297664,8213.0,8210.600266297666,8222,8210.600266297666,8240,6,Solano,8222,8476.774626532791
hh_wrks_0,41872.0,43254.553383635,43549.95193731151,43555.0,43549.95193731151,43583,43549.95193731151,43482,6,Solano,43583,43254.553383635
hh_wrks_1,57696.0,59862.46436437036,60005.46080614355,60023.0,60005.46080614354,59971,60005.46080614354,60081,6,Solano,59971,59862.46436437036
hh_wrks_2,44853.0,46506.23755003142,46363.55186733848,46376.0,46363.55186733848,46422,46363.55186733848,46477,6,Solano,46422,46506.23755003142
hh_wrks_3_plus,15280.0,15817.5141992877,15520.719151107704,15526.0,15520.719151107704,15546,15520.719151107704,15561,6,Solano,15546,15817.5141992877
pers_age_00_19,109365.0,109443.29307074287,109506.03145033236,109544.0,109506.03145033238,109837,109506.03145033238,109925,6,Solano,109837,109443.29307074287
pers_age_20_34,89571.0,89644.36881436328,89684.96178204233,89709.0,89684.96178204234,89759,89684.96178204234,89892,6,Solano,89759,89644.36881436328
pers_age_35_64,170615.0,170779.15444537927,170873.94122662404,170940.0,170873.941226624,171144,170873.941226624,171254,6,Solano,171144,170779.15444537927
pers_age_65_plus,75443.0,75501.65590597919,75553.03516359847,75561.0,75553.03516359847,75639,75553.03516359846,75472,6,Solano,75639,75501.65590597919
hh_kids_yes,51392.0,53422.96140655292,53383.23097614475,53399.0,53383.230976144754,53540,53383.230976144754,53610,6,Solano,53540,53422.96140655292
hh_kids_no,108310.0,112017.80809077156,112056.45278575648,112081.0,112056.4527857565,111982,112056.4527857565,111991,6,Solano,111982,112017.80809077156
pers_occ_management,21231.0,29323.996340487283,21378.15282470303,21388.0,21378.15282470303,21403,21378.15282470303,21447,6,Solano,21403,29323.996340487283
pers_occ_professional,47736.0,44619.55673293823,48046.30916674424,48063.0,48046.30916674424,48087,48046.30916674424,48117,6,Solano,48087,44619.55673293823
pers_occ_services,60981.0,39757.20046613607,61364.03442202133,61375.0,61364.03442202134,61452,61364.03442202134,61532,6,Solano,61452,39757.20046613607
pers_occ_retail,32073.0,42562.33060015788,32269.481893074342,32287.0,32269.481893074342,32322,32269.481893074342,32336,6,Solano,32322,42562.33060015788
pers_occ_manual_military,64989.0,51879.99854086709,65405.20307432592,65420.0,65405.20307432594,65490,65405.20307432594,65597,6,Solano,65490,51879.99854086709
inc_lt_20k,13590.0,14109.506934513747,14024.708363360627,14026.0,14024.708363360627,13997,14024.708363360627,13993,6,Solano,13997,14109.506934513747
inc_20k_45k,18711.0,19400.81561936985,19274.62348030859,19276.0,19274.623480308597,19229,19274.623480308597,19228,6,Solano,19229,19400.81561936985
inc_45k_60k,13977.0,14415.596125565016,14326.973833427908,14329.0,14326.973833427908,14320,14326.973833427908,14315,6,Solano,14320,14415.596125565016
inc_60k_75k,12389.0,12834.3957636423,12750.714959232406,12753.0,12750.714959232406,12745,12750.714959232406,12720,6,Solano,12745,12834.3957636423
inc_75k_100k,21841.0,22476.525856735803,22340.10835067771,22346.0,22340.10835067772,22379,22340.10835067772,22339,6,Solano,22379,22476.525856735803
inc_100k_150k,33174.0,34248.23639672399,34023.34610073015,34032.0,34023.34610073016,34056,34023.34610073016,34060,6,Solano,34056,34248.23639672399
inc_150k_200k,20245.0,20872.53418393223,20764.89963575386,20775.0,20764.89963575386,20797,20764.89963575386,20808,6,Solano,20797,20872.53418393223
inc_200k_plus,25932.0,26749.73187983773,26531.712820194098,26541.0,26531.71282019409,26577,26531.71282019409,26614,6,Solano,26577,26749.73187983773
numhh,56061.0,55831.823124269074,55833.23306775873,55872.0,55833.23306775872,55936,55833.23306775872,56098,7,Napa,55936,55831.823124269074
numhh_gq,59382.0,59326.82842507313,59328.284514183615,59382.0,59328.28451418361,59382,59328.284514183615,59382,7,Napa,59382,59326.82842507313
hh_gq_university,698.0,734.4267469159156,734.2168105761269,737.0,734.2168105761269,716,734.2168105761269,687,7,Napa,716,734.4267469159156
hh_gq_noninstitutional,2625.0,2760.578553888133,2760.8346358487584,2773.0,2760.834635848758,2730,2760.834635848758,2597,7,Napa,2730,2760.578553888133
hh_size_1,12681.0,15762.458026967126,15893.603098390224,15903.0,15893.603098390233,15839,15893.603098390233,15820,7,Napa,15839,15762.458026967126
hh_size_2,17779.0,20451.896685772528,20518.499963595204,20532.0,20518.499963595204,20527,20518.499963595204,20596,7,Napa,20527,20451.896685772528
hh_size_3,7397.0,7952.268877951532,7939.968597777974,7947.0,7939.968597777972,8012,7939.968597777972,8042,7,Napa,8012,7952.268877951532
hh_size_4,6867.0,6888.163708160306,6838.551226354032,6844.0,6838.551226354034,6878,6838.551226354034,6926,7,Napa,6878,6888.163708160306
hh_size_5,3275.0,3051.253544889212,3012.0428897622337,3014.0,3012.042889762233,3050,3012.042889762233,3076,7,Napa,3050,3051.253544889212
hh_size_6_plus,2031.0,1725.7822805283697,1630.5672918790476,1632.0,1630.5672918790478,1630,1630.5672918790476,1638,7,Napa,1630,1725.7822805283697
hh_wrks_0,13207.0,14856.780291658744,15299.094366060624,15305.0,15299.094366060628,15361,15299.094366060628,15436,7,Napa,15361,14856.780291658744
hh_wrks_1,17060.0,19100.44568696712,19223.63079408546,19236.0,19223.63079408546,19220,19223.63079408546,19203,7,Napa,19220,19100.44568696712
hh_wrks_2,14918.0,16606.972756841824,16375.74645439536,16393.0,16375.746454395365,16405,16375.746454395365,16472,7,Napa,16405,16606.972756841824
hh_wrks_3_plus,4806.0,5267.624388801385,4934.761453217272,4938.0,4934.761453217272,4950,4934.761453217272,4987,7,Napa,4950,5267.624388801385
pers_age_00_19,30346.0,30571.76578358676,30596.24628965082,30610.0,30596.24628965081,30699,30596.24628965082,30850,7,Napa,30699,30571.76578358676
pers_age_20_34,24405.0,24603.2839448506,24599.505675369302,24631.0,24599.505675369302,24687,24599.505675369302,24710,7,Napa,24687,24603.2839448506
pers_age_35_64,53390.0,53841.92663787576,53863.413475352194,53907.0,53863.413475352194,54084,53863.413475352194,54209,7,Napa,54084,53841.92663787576
pers_age_65_plus,28037.0,28265.37913029192,28276.70477477525,28300.0,28276.704774775248,28344,28276.704774775248,28453,7,Napa,28344,28265.37913029192
hh_kids_yes,14446.0,16053.512481686425,16018.918242497526,16027.0,16018.91824249753,16076,16018.91824249753,16187,7,Napa,16076,16053.512481686425
hh_kids_no,35550.0,39778.310642582655,39814.3148252612,39845.0,39814.3148252612,39860,39814.3148252612,39911,7,Napa,39860,39778.310642582655
pers_occ_management,10478.0,14017.27727970704,10773.225935077451,10785.0,10773.225935077457,10788,10773.225935077457,10792,7,Napa,10788,14017.27727970704
pers_occ_professional,17240.0,15663.7764332522,17696.724757807762,17709.0,17696.72475780776,17717,17696.72475780776,17688,7,Napa,17717,15663.7764332522
pers_occ_services,16727.0,13285.649008952832,17153.65268758596,17166.0,17153.652687585956,17172,17153.652687585956,17293,7,Napa,17172,13285.649008952832
pers_occ_retail,12407.0,12966.159789729709,12712.470745158022,12723.0,12712.470745158022,12725,12712.470745158022,12730,7,Napa,12725,12966.159789729709
pers_occ_manual_military,19953.0,14864.943540517716,20270.85454606163,20287.0,20270.85454606163,20330,20270.85454606163,20394,7,Napa,20330,14864.943540517716
inc_lt_20k,3774.0,4154.616713914731,4090.409715428772,4093.0,4090.40971542877,4076,4090.40971542877,4111,7,Napa,4076,4154.616713914731
inc_20k_45k,5924.0,6524.346279201747,6421.236000557753,6426.0,6421.236000557754,6434,6421.236000557754,6465,7,Napa,6434,6524.346279201747
inc_45k_60k,4307.0,4738.537289408512,4666.141720380115,4670.0,4666.141720380115,4644,4666.141720380115,4683,7,Napa,4644,4738.537289408512
inc_60k_75k,3326.0,3657.776495929201,3600.223410384608,3602.0,3600.223410384608,3594,3600.223410384608,3600,7,Napa,3594,3657.776495929201
inc_75k_100k,5776.0,6352.068240010535,6255.506866218065,6261.0,6255.506866218066,6265,6255.506866218066,6237,7,Napa,6265,6352.068240010535
inc_100k_150k,9214.0,10144.949830531386,9983.142361313912,9992.0,9983.14236131391,10021,9983.14236131391,10016,7,Napa,10021,10144.949830531386
inc_150k_200k,6524.0,7178.227385586252,7055.777259994061,7061.0,7055.77725999406,7099,7055.77725999406,7089,7,Napa,7099,7178.227385586252
inc_200k_plus,11209.0,12316.090301935366,12037.254809503038,12043.0,12037.254809503038,12066,12037.254809503036,12110,7,Napa,12066,12316.090301935366
numhh,208973.0,208592.5645340336,208600.94553393463,208728.0,208600.94553393457,209058,208600.94553393457,209216,8,Sonoma,209058,208592.5645340336
numhh_gq,215924.0,215775.0473519608,215783.8049381363,215924.0,215783.80493813628,216107,215783.80493813628,216229,8,Sonoma,216107,215775.0473519608
hh_gq_university,3199.0,3299.696908246085,3300.6792554630274,3301.0,3300.679255463027,3159,3300.679255463027,3256,8,Sonoma,3159,3299.696908246085
hh_gq_noninstitutional,3724.0,3882.7859096810735,3882.180148738648,3895.0,3882.180148738648,3890,3882.180148738648,3757,8,Sonoma,3890,3882.7859096810735
hh_size_1,53162.0,63781.11045548892,64080.3617732138,64104.0,64080.3617732138,64050,64080.3617732138,64135,8,Sonoma,64050,63781.11045548892
hh_size_2,67683.0,74980.20193531815,75074.01192811773,75128.0,75074.01192811773,75205,75074.01192811773,75212,8,Sonoma,75205,74980.20193531815
hh_size_3,29379.0,30336.5804016622,30329.416324293277,30344.0,30329.41632429327,30464,30329.41632429327,30506,8,Sonoma,30464,30336.5804016622
hh_size_4,25984.0,24916.977673508405,24914.088368017703,24927.0,24914.088368017707,25052,24914.088368017707,25058,8,Sonoma,25052,24916.977673508405
hh_size_5,10623.0,9511.26955642015,9408.089475713845,9423.0,9408.089475713845,9477,9408.089475713845,9487,8,Sonoma,9477,9511.26955642015
hh_size_6_plus,6100.0,5066.4245116357815,4794.977664578245,4802.0,4794.977664578244,4810,4794.977664578244,4818,8,Sonoma,4810,5066.4245116357815
hh_wrks_0,52867.0,57511.87271003096,58765.009272808165,58797.0,58765.009272808165,58985,58765.009272808165,59030,8,Sonoma,58985,57511.87271003096
hh_wrks_1,66736.0,72340.42790918043,72752.25307544426,72788.0,72752.25307544427,72861,72752.25307544426,72845,8,Sonoma,72861,72340.42790918043
hh_wrks_2,55358.0,59738.3821360612,59170.724628845885,59211.0,59170.72462884588,59171,59170.72462884588,59294,8,Sonoma,59171,59738.3821360612
hh_wrks_3_plus,17842.0,19001.88177876098,17912.958556836293,17932.0,17912.958556836293,18041,17912.958556836293,18047,8,Sonoma,18041,19001.88177876098
pers_age_00_19,105589.0,106401.9425492555,106438.07853800862,106515.0,106438.0785380086,106757,106438.0785380086,106964,8,Sonoma,106757,106401.9425492555
pers_age_20_34,86412.0,87131.68198560714,87125.57031397548,87196.0,87125.57031397545,87429,87125.57031397545,87468,8,Sonoma,87429,87131.68198560714
pers_age_35_64,191837.0,193515.62481757117,193523.43419219728,193659.0,193523.43419219728,194002,193523.43419219728,194109,8,Sonoma,194002,193515.62481757117
pers_age_65_plus,101805.0,102708.44765486174,102728.10799718932,102805.0,102728.1079971893,103132,102728.1079971893,103123,8,Sonoma,103132,102708.44765486174
hh_kids_yes,52915.0,57019.81859293982,56916.91963178144,56952.0,56916.91963178144,57082,56916.91963178144,57191,8,Sonoma,57082,57019.81859293982
hh_kids_no,139880.0,151572.74594109377,151684.02590215317,151776.0,151684.02590215317,151976,151684.02590215317,152025,8,Sonoma,151976,151572.74594109377
pers_occ_management,35595.0,49464.82822249967,36305.83607401083,36338.0,36305.83607401083,36478,36305.83607401083,36442,8,Sonoma,36478,49464.82822249967
pers_occ_professional,66489.0,60741.94237070775,67836.41327927582,67885.0,67836.41327927583,67880,67836.41327927583,67959,8,Sonoma,67880,60741.94237070775
pers_occ_services,64700.0,46765.41267855298,65906.36755677589,65956.0,65906.36755677589,66039,65906.3675567759,66078,8,Sonoma,66039,46765.41267855298
pers_occ_retail,42759.0,49661.831254962846,43633.17304138963,43659.0,43633.17304138963,43753,43633.17304138963,43763,8,Sonoma,43753,49661.831254962846
pers_occ_manual_military,65364.0,49407.30749008482,66437.5590173833,66469.0,66437.5590173833,66568,66437.5590173833,66625,8,Sonoma,66568,49407.30749008482
inc_lt_20k,15028.0,16204.83036658297,16000.652819333403,16006.0,16000.652819333409,16000,16000.652819333409,15991,8,Sonoma,16000,16204.83036658297
inc_20k_45k,22970.0,24752.1243540606,24438.730945900614,24448.0,24438.73094590062,24505,24438.73094590062,24493,8,Sonoma,24505,24752.1243540606
inc_45k_60k,15459.0,16657.686984612767,16454.28174612757,16461.0,16454.28174612757,16469,16454.28174612757,16434,8,Sonoma,16469,16657.686984612767
inc_60k_75k,15835.0,17042.138873508728,16818.246195397096,16831.0,16818.2461953971,16809,16818.2461953971,16862,8,Sonoma,16809,17042.138873508728
inc_75k_100k,24647.0,26498.1411495924,26173.29785478031,26195.0,26173.297854780307,26205,26173.297854780307,26213,8,Sonoma,26205,26498.1411495924
inc_100k_150k,37237.0,40038.88560320688,39512.83242335123,39539.0,39512.83242335124,39591,39512.83242335124,39589,8,Sonoma,39591,40038.88560320688
inc_150k_200k,25321.0,27215.32093854925,26825.829044476704,26844.0,26825.82904447671,26919,26825.82904447671,26891,8,Sonoma,26919,27215.32093854925
inc_200k_plus,36569.0,39246.499637958615,38540.68483774783,38567.0,38540.68483774783,38673,38540.68483774783,38742,8,Sonoma,38673,39246.499637958615
numhh,112334.0,112565.05175295354,112571.6343212281,112469.0,112571.6343212281,112484,112571.6343212281,112558,9,Marin,112484,112565.05175295354
numhh_gq,115147.0,115250.51241699186,115250.85336045297,115147.0,115250.85336045297,115147,115250.85336045297,115147,9,Marin,115147,115250.51241699186
hh_gq_university,678.0,669.1787921953639,668.9306129185823,668.0,668.9306129185821,655,668.9306129185821,649,9,Marin,655,669.1787921953639
hh_gq_noninstitutional,2120.0,2016.2818718429244,2010.2884263062624,2010.0,2010.2884263062624,2008,2010.2884263062624,1940,9,Marin,2008,2016.2818718429244
hh_size_1,37943.0,35012.08796997866,35006.16916320761,34984.0,35006.1691632076,34913,35006.1691632076,34941,9,Marin,34913,35012.08796997866
hh_size_2,45076.0,40260.02937488174,40256.843907293725,40208.0,40256.84390729373,40234,40256.84390729373,40244,9,Marin,40234,40260.02937488174
hh_size_3,19355.0,16592.185844385385,16601.940361578385,16591.0,16601.94036157838,16604,16601.94036157838,16633,9,Marin,16604,16592.185844385385
hh_size_4,16810.0,13875.23510172572,13884.756084734296,13869.0,13884.756084734294,13915,13884.756084734296,13914,9,Marin,13915,13875.23510172572
hh_size_5,6065.0,4900.172402568368,4899.088745377254,4895.0,4899.088745377256,4902,4899.088745377256,4912,9,Marin,4902,4900.172402568368
hh_size_6_plus,2497.0,1925.3410594136976,1922.8360590368457,1922.0,1922.8360590368457,1916,1922.8360590368452,1914,9,Marin,1916,1925.3410594136976
hh_wrks_0,36089.0,31447.54809837989,30622.96052723236,30593.0,30622.960527232357,30612,30622.960527232357,30623,9,Marin,30612,31447.54809837989
hh_wrks_1,46339.0,41240.43399969655,41119.67026840883,41086.0,41119.67026840882,41083,41119.67026840882,41123,9,Marin,41083,41240.43399969655
hh_wrks_2,36893.0,32604.24361417296,33197.237360619096,33166.0,33197.237360619096,33158,33197.237360619096,33165,9,Marin,33158,32604.24361417296
hh_wrks_3_plus,8362.0,7272.826040704193,7631.766164967844,7624.0,7631.766164967843,7631,7631.766164967843,7647,9,Marin,7631,7272.826040704193
pers_age_00_19,56704.0,56883.30156119073,56883.716550490135,56834.0,56883.716550490135,56923,56883.71655049014,56939,9,Marin,56923,56883.30156119073
pers_age_20_34,34055.0,34157.20871701228,34163.93486312559,34142.0,34163.9348631256,34168,34163.93486312559,34193,9,Marin,34168,34157.20871701228
pers_age_35_64,107821.0,108148.54680755262,108167.26198324152,108067.0,108167.2619832415,108122,108167.2619832415,108176,9,Marin,108122,108148.54680755262
pers_age_65_plus,60192.0,60358.95660762364,60361.468125353706,60291.0,60361.4681253537,60344,60361.4681253537,60339,9,Marin,60344,60358.95660762364
hh_kids_yes,35181.0,31532.423970956,31529.99371859623,31503.0,31529.993718596237,31540,31529.993718596237,31602,9,Marin,31540,31532.423970956
hh_kids_no,92515.0,81032.62778199757,81041.64060263189,80966.0,81041.64060263187,80944,81041.64060263187,80956,9,Marin,80944,81032.62778199757
pers_occ_management,25992.0,37221.52727625708,25468.36195311708,25436.0,25468.36195311708,25491,25468.36195311708,25475,9,Marin,25491,37221.52727625708
pers_occ_professional,42338.0,39904.21971266995,41393.93535274375,41350.0,41393.93535274375,41323,41393.93535274375,41377,9,Marin,41323,39904.21971266995
pers_occ_services,28692.0,17459.051996980987,27953.2924378532,27934.0,27953.2924378532,27937,27953.2924378532,27945,9,Marin,27937,17459.051996980987
pers_occ_retail,20626.0,23891.73906944585,20104.996419432493,20086.0,20104.996419432493,20098,20104.996419432493,20124,9,Marin,20098,23891.73906944585
pers_occ_manual_military,18793.0,12189.920861300156,18272.884638766514,18265.0,18272.88463876651,18270,18272.88463876651,18296,9,Marin,18270,12189.920861300156
inc_lt_20k,8754.0,7559.197947892474,7549.436693766082,7545.0,7549.436693766083,7530,7549.436693766083,7490,9,Marin,7530,7559.197947892474
inc_20k_45k,11986.0,10522.57334030274,10518.762151104458,10512.0,10518.762151104458,10470,10518.762151104458,10477,9,Marin,10470,10522.57334030274
inc_45k_60k,8054.0,6964.3226924240425,6961.957178953368,6955.0,6961.957178953368,6948,6961.957178953368,6986,9,Marin,6948,6964.3226924240425
inc_60k_75k,7553.0,6628.991497024261,6628.097845192199,6624.0,6628.0978451922,6597,6628.0978451922,6577,9,Marin,6597,6628.991497024261
inc_75k_100k,12817.0,11189.71770565556,11190.879741594608,11176.0,11190.87974159461,11147,11190.87974159461,11165,9,Marin,11147,11189.71770565556
inc_100k_150k,17956.0,15617.186474480406,15620.182376280423,15599.0,15620.182376280422,15618,15620.182376280422,15639,9,Marin,15618,15617.186474480406
inc_150k_200k,14428.0,12635.683403985926,12642.716151615972,12632.0,12642.716151615976,12639,12642.716151615976,12630,9,Marin,12639,12635.683403985926
inc_200k_plus,46243.0,41447.36341837803,41459.57137064947,41426.0,41459.57137064947,41465,41459.57137064947,41450,9,Marin,41465,41447.36341837803


