taz,PUMA
1,01500
2,01500
3,01500
4,01500
5,01500
6,01500
7,01500
8,01500
9,01500
10,01500
11,01500
12,01500
13,01500
14,01500
15,01500
16,01500
17,01500
18,01500
19,01500
20,01500
21,01500
22,01500
23,01500
24,01500
25,01500
26,01500
27,01500
28,01500
29,01500
30,01500
31,01500
32,01500
33,01500
34,01500
35,01500
36,01500
37,01500
38,01500
39,01500
40,01500
41,01500
42,01500
43,01500
44,01500
45,01500
46,01500
47,01500
48,01500
49,01500
50,01500
51,01500
52,01500
53,01500
54,01500
55,01500
56,01500
57,01500
58,01500
59,01500
60,01500
61,01500
62,01500
63,01500
64,01500
65,01500
66,01500
67,01500
68,01500
69,01500
70,01500
71,01500
72,01500
73,01500
74,01500
75,01500
76,01500
77,01500
78,01500
79,01500
81,01500
82,01500
83,01500
84,01500
85,01500
86,01500
87,01500
88,01500
89,01500
90,01500
91,01500
92,01500
93,01500
94,01500
95,01500
96,01500
97,01500
98,01500
99,01500
100,01500
101,01500
102,01500
103,01500
104,01500
105,01500
106,01500
107,01500
108,01500
109,01500
110,01500
111,01500
112,01500
114,01500
115,01500
116,01500
117,01500
118,01500
119,01500
120,01500
121,01500
122,01500
123,01500
124,01500
125,01500
126,01500
127,01500
128,01500
129,01500
130,01500
131,01500
132,01500
133,01500
134,01500
135,01500
136,01500
137,01500
138,01500
139,01500
140,01500
141,01500
142,01500
143,01500
144,01500
145,01500
146,01500
147,01500
148,01500
149,01500
150,01500
151,01500
152,01500
153,01500
154,01500
155,01500
156,01500
157,01500
158,01500
159,01500
160,01500
161,01500
162,01500
163,01500
164,01500
165,01500
166,01500
167,01500
168,01500
169,01500
170,01500
171,01500
172,01500
173,01500
174,01500
175,01500
176,01500
177,01500
178,01500
179,01500
180,01500
181,01500
182,01500
183,01500
184,01500
185,01500
186,01500
187,01500
188,01500
189,01500
190,01500
191,01500
192,01500
193,01500
194,01500
195,01500
196,01500
197,01500
198,01500
199,01500
200,01500
201,01500
202,01500
203,01500
204,01500
205,01500
206,01500
207,01500
208,01500
209,01500
210,01500
211,01500
212,01500
213,01500
214,01500
215,01500
216,01500
217,01500
218,01500
219,01500
220,01500
221,01500
222,01500
223,01500
224,01500
225,01500
226,01500
227,01500
228,01500
229,01500
230,01500
231,01500
232,01500
233,01500
234,01500
235,01500
236,01500
237,01500
238,01500
239,01500
240,01500
241,01500
242,01500
243,01500
244,01500
245,01500
246,01500
247,01500
248,01500
249,01500
250,01500
251,01500
252,01500
253,01500
254,01500
255,01500
256,01500
257,01500
258,01500
259,01500
260,01500
261,01500
262,01500
263,01500
264,01500
265,01500
266,01500
267,01500
268,01500
269,01500
270,01500
271,01500
272,01500
273,01500
274,01500
275,01500
276,01500
277,01500
278,01500
279,01500
280,01500
281,01500
282,01500
283,01500
284,01500
285,01500
286,01500
287,01500
288,01500
289,01500
290,01500
291,01500
292,01500
293,01500
294,01500
295,01500
296,01500
297,01500
299,01500
300,01500
301,01500
302,01500
303,01500
304,01500
305,01500
306,01500
307,01500
308,01500
309,01500
310,01500
311,01500
312,01500
313,01500
314,01500
315,01500
316,01500
317,01500
318,01500
319,01500
320,01500
321,01500
322,01500
323,01500
324,01500
325,01500
326,01500
327,01500
329,01500
330,01500
331,01500
332,01500
333,01500
334,01500
335,01500
336,01500
337,01500
338,01500
339,01500
340,01500
341,01500
342,01500
343,01500
344,01500
345,01500
346,01500
347,01500
349,01500
350,01500
351,01500
352,01500
353,01500
354,01500
355,01500
356,01500
357,01500
358,01500
359,01500
360,01500
361,01500
362,01500
363,01500
364,01500
365,01500
366,01500
367,01500
368,01500
369,01500
370,01500
371,01500
372,01500
373,01500
374,01500
375,01500
376,01500
377,01500
378,01500
379,01500
380,01500
381,01500
382,01500
383,01500
384,01500
385,01500
386,01500
387,01500
388,01500
389,01500
390,01500
391,01500
392,01500
393,01500
394,01500
395,01500
396,01500
397,01500
398,01500
399,01500
400,01500
401,01500
402,01500
403,01500
404,01500
405,01500
406,01500
407,01500
408,01500
409,01500
411,01500
412,01500
413,01500
414,01500
415,01500
416,01500
417,01500
418,01500
419,01500
420,01500
421,01500
422,01500
423,01500
424,01500
425,01500
426,01500
427,01500
428,01500
429,01500
430,01500
431,01500
433,01500
434,01500
435,01500
436,01500
437,01500
438,01500
439,01500
440,01500
441,01500
442,01500
443,01500
444,01500
446,01500
447,01500
448,01500
449,01500
450,01500
451,01500
452,01500
453,01500
454,01500
455,01500
456,01500
457,01500
458,01500
459,01500
460,01500
461,01500
462,01500
463,01500
464,01500
465,01500
466,01500
467,01500
468,01500
469,01500
470,01500
471,01500
472,01500
473,01500
474,01500
475,01500
476,01500
477,01500
478,01500
479,01500
480,01500
481,01500
482,01500
483,01500
484,01500
485,01500
486,01500
487,01500
488,01500
489,01500
490,01500
491,01500
492,01500
493,01500
494,01500
495,01500
496,01500
497,01500
498,01500
499,01500
500,01500
501,01500
502,01500
503,01500
504,01500
505,01500
506,01500
507,01500
508,01500
509,01500
510,01500
511,01500
512,01500
513,01500
514,01500
515,01500
516,01500
517,01500
518,01500
519,01500
520,01500
521,01500
522,01500
523,01500
524,01500
525,01500
526,01500
527,01500
528,01500
529,01500
530,01500
531,01500
532,01500
533,01500
534,01500
535,01500
536,01500
537,01500
538,01500
539,01500
540,01500
541,01500
542,01500
543,01500
544,01500
545,01500
546,01500
547,01500
548,01500
549,01500
550,01500
551,01500
553,01500
554,01500
555,01500
556,01500
557,01500
558,01500
559,01500
560,01500
561,01500
562,01500
563,01500
564,01500
565,01500
566,01500
567,01500
568,01500
569,01500
570,01500
571,01500
572,01500
573,01500
574,01500
575,01500
576,01500
578,01500
579,01500
581,01500
582,01500
583,01500
584,01500
585,01500
586,01500
588,01500
590,01500
592,01500
594,01500
595,01500
597,01500
598,01500
599,01500
600,01500
601,01500
602,01500
603,01500
604,01500
605,01500
606,01500
607,01500
608,01500
609,01500
610,01500
611,01500
612,01500
613,01500
614,01500
615,01500
616,01500
617,01500
618,01500
619,01500
620,01500
621,01500
622,01500
623,01500
624,01500
625,01500
626,01500
627,01500
628,01500
629,01500
630,01500
631,01500
632,01500
633,01500
634,01500
635,01500
636,01500
637,01500
638,01500
639,01500
640,01500
641,01500
642,01500
643,01500
644,01500
645,01500
646,01500
647,01500
648,01500
649,01500
650,01500
651,01500
100001,01500
100002,01500
100003,01500
100004,01500
100005,01500
100006,01500
100007,01500
100008,01500
100009,01500
100010,01500
100011,01500
100012,01500
100013,01500
100014,01500
100015,01500
100016,01500
100017,01500
100018,01500
100019,01500
100020,01500
100021,01500
100022,01500
100023,01500
100024,01500
100025,01500
100026,01500
100027,01500
100028,01500
100029,01500
100030,01500
100031,01500
100032,01500
100034,01500
100035,01500
100036,01500
100037,01500
100038,01500
100039,01500
100040,01500
100041,01500
100042,01500
100043,01500
100044,01500
100045,01500
100046,01500
100047,01500
100048,01500
100049,01500
100050,01500
100051,01500
100052,01500
100056,01500
100057,01500
100059,01500
100061,01500
100062,01500
100063,01500
100064,01500
100065,01500
100066,01500
100067,01500
100068,01500
100069,01500
100070,01500
100071,01500
100072,01500
100073,01500
100074,01500
100075,01500
100076,01500
100077,01500
100078,01500
100081,01500
100082,01500
100083,01500
100084,01500
100085,01500
100086,01500
100087,01500
100088,01500
100089,01500
100090,01500
100091,01500
100092,01500
100093,01500
100094,01500
100095,01500
100096,01500
100097,01500
100098,01500
100099,01500
100100,01500
100101,01500
100102,01500
100103,01500
100104,01500
100105,01500
100106,01500
100107,01500
100108,01500
100109,01500
100110,01500
100111,01500
100112,01500
100113,01500
100114,01500
100115,01500
100116,01500
100117,01500
100118,01500
100119,01500
100120,01500
100121,01500
100122,01500
100123,01500
100124,01500
100125,01500
100126,01500
100128,01500
100129,01500
100130,01500
100131,01500
100132,01500
100133,01500
100134,01500
100135,01500
100136,01500
100137,01500
100138,01500
100139,01500
100140,01500
100141,01500
100142,01500
100143,01500
100144,01500
100145,01500
100146,01500
100147,01500
100148,01500
100149,01500
100150,01500
100151,01500
100152,01500
100153,01500
100154,01500
100155,01500
100156,01500
100157,01500
100158,01500
100162,01500
100163,01500
100164,01500
100165,01500
100166,01500
100167,01500
100168,01500
100169,01500
100170,01500
100171,01500
100172,01500
100173,01500
100174,01500
100176,01500
100177,01500
100178,01500
100179,01500
100180,01500
100181,01500
100182,01500
100183,01500
100184,01500
100185,01500
100186,01500
100187,01500
100188,01500
100189,01500
100190,01500
100191,01500
100192,01500
100193,01500
100194,01500
100195,01500
100196,01500
100197,01500
100198,01500
100199,01500
100200,01500
100201,01500
100202,01500
100203,01500
100204,01500
100206,01500
100207,01500
100211,01500
100212,01500
100213,01500
100214,01500
100215,01500
100216,01500
100217,01500
100218,01500
100219,01500
100220,01500
100221,01500
100222,01500
100223,01500
100224,01500
100225,01500
100226,01500
100227,01500
100228,01500
100230,01500
100231,01500
100232,01500
100233,01500
100234,01500
100235,01500
100236,01500
100237,01500
100238,01500
100239,01500
100240,01500
100241,01500
100242,01500
100243,01500
100244,01500
100245,01500
100246,01500
100247,01500
100248,01500
100249,01500
100250,01500
100251,01500
100252,01500
100254,01500
100255,01500
100257,01500
100258,01500
100259,01500
100260,01500
100261,01500
100262,01500
100263,01500
100264,01500
100265,01500
100266,01500
100267,01500
100268,01500
100270,01500
100271,01500
100272,01500
100273,01500
100274,01500
100275,01500
100276,01500
100277,01500
100278,01500
100279,01500
100280,01500
100281,01500
100282,01500
100283,01500
100284,01500
100285,01500
100286,01500
100287,01500
100288,01500
100289,01500
100290,01500
100291,01500
100292,01500
100293,01500
100294,01500
100296,01500
100297,01500
100298,01500
100299,01500
100300,01500
100301,01500
100303,01500
100304,01500
100305,01500
100306,01500
100307,01500
100308,01500
100309,01500
100310,01500
100311,01500
100312,01500
100313,01500
100314,01500
100315,01500
100317,01500
100318,01500
100319,01500
100320,01500
100322,01500
100323,01500
100324,01500
100325,01500
100326,01500
100327,01500
100328,01500
100329,01500
100330,01500
100331,01500
100332,01500
100333,01500
100334,01500
100335,01500
100336,01500
100337,01500
100338,01500
100339,01500
100340,01500
100341,01500
100342,01500
100343,01500
100344,01500
100345,01500
100346,01500
100347,01500
100348,01500
100349,01500
100350,01500
100351,01500
100352,01500
100353,01500
100354,01500
100355,01500
100356,01500
100357,01500
100360,01500
100361,01500
100362,01500
100363,01500
100365,01500
100368,01500
100369,01500
100370,01500
100371,01500
100372,01500
100373,01500
100374,01500
100375,01500
100376,01500
100379,01500
100380,01500
100381,01500
100382,01500
100383,01500
100384,01500
100385,01500
100386,01500
100387,01500
100388,01500
100389,01500
100390,01500
100391,01500
100392,01500
100393,01500
100394,01500
100395,01500
100396,01500
100398,01500
100399,01500
100401,01500
100402,01500
100405,01500
100407,01500
100409,01500
100410,01500
100412,01500
100413,01500
100416,01500
100417,01500
100418,01500
100419,01500
100420,01500
100421,01500
100422,01500
100423,01500
100425,01500
100426,01500
100427,01500
100428,01500
100429,01500
100430,01500
100432,01500
100433,01500
100434,01500
100435,01500
100436,01500
100437,01500
100438,01500
100439,01500
100440,01500
100441,01500
100442,01500
100443,01500
100444,01500
100445,01500
100446,01500
100447,01500
100448,01500
100449,01500
100450,01500
100451,01500
100452,01500
100453,01500
100454,01500
100455,01500
100458,01500
100459,01500
100461,01500
100462,01500
100463,01500
100464,01500
100465,01500
100466,01500
100467,01500
200002,01500
200003,01500
200004,01500
200005,01500
200006,01500
200007,01500
200008,01500
200009,01500
200010,01500
200011,01500
200012,01500
200013,01500
200014,01500
200015,01500
200016,01500
200017,01500
200018,01500
200019,01500
200020,01500
200021,01500
200022,01500
200023,01500
200024,01500
200025,01500
200026,01500
200027,01500
200028,01500
200029,01500
200030,01500
200031,01500
200032,01500
200033,01500
200034,01500
200035,01500
200036,01500
200037,01500
200038,01500
200039,01500
200040,01500
200041,01500
200042,01500
200043,01500
200044,01500
200045,01500
200046,01500
200047,01500
200048,01500
200049,01500
200050,01500
200051,01500
200052,01500
200053,01500
200054,01500
200055,01500
200056,01500
200057,01500
200058,01500
200059,01500
200060,01500
200061,01500
200062,01500
200063,01500
200065,01500
200066,01500
200067,01500
200068,01500
200069,01500
200070,01500
200071,01500
200072,01500
200074,01500
200075,01500
200076,01500
200077,01500
200078,01500
200079,01500
200080,01500
200081,01500
200082,01500
200084,01500
200085,01500
200086,01500
200087,01500
200088,01500
200089,01500
200090,01500
200091,01500
200092,01500
200093,01500
200094,01500
200095,01500
200097,01500
200098,01500
200099,01500
200100,01500
200101,01500
200102,01500
200103,01500
200104,01500
200105,01500
200106,01500
200107,01500
200108,01500
200109,01500
200110,01500
200111,01500
200112,01500
200113,01500
200114,01500
200115,01500
200116,01500
200117,01500
200118,01500
200119,01500
200120,01500
200121,01500
200122,01500
200123,01500
200124,01500
200125,01500
200126,01500
200127,01500
200128,01500
200130,01500
200131,01500
200132,01500
200133,01500
200134,01500
200135,01500
200136,01500
200137,01500
200138,01500
200139,01500
200140,01500
200141,01500
200142,01500
200143,01500
200144,01500
200145,01500
200146,01500
200147,01500
200148,01500
200149,01500
200150,01500
200151,01500
200152,01500
200153,01500
200154,01500
200155,01500
200156,01500
200157,01500
200158,01500
200159,01500
200160,01500
200161,01500
200162,01500
200163,01500
200164,01500
200165,01500
200166,01500
200167,01500
200168,01500
200169,01500
200170,01500
200171,01500
200172,01500
200173,01500
200174,01500
200177,01500
200178,01500
200179,01500
200180,01500
200181,01500
200182,01500
200183,01500
200184,01500
200185,01500
200186,01500
200187,01500
200188,01500
200189,01500
200190,01500
200191,01500
200192,01500
200193,01500
200194,01500
200195,01500
200196,01500
200197,01500
200198,01500
200199,01500
200200,01500
200201,01500
200202,01500
200203,01500
200204,01500
200205,01500
200206,01500
200207,01500
200208,01500
200209,01500
200210,01500
200211,01500
200212,01500
200213,01500
200214,01500
200215,01500
200216,01500
200217,01500
200218,01500
200219,01500
200220,01500
200221,01500
200222,01500
200223,01500
200224,01500
200225,01500
200226,01500
200227,01500
200228,01500
200229,01500
200230,01500
200231,01500
200232,01500
200233,01500
200234,01500
200235,01500
200236,01500
200237,01500
200238,01500
200239,01500
200240,01500
200241,01500
200242,01500
200243,01500
200244,01500
200245,01500
200246,01500
200247,01500
200248,01500
200249,01500
200250,01500
200251,01500
200253,01500
200254,01500
200255,01500
200256,01500
200257,01500
200258,01500
200259,01500
200260,01500
200261,01500
200262,01500
200263,01500
200264,01500
200265,01500
200266,01500
200267,01500
200268,01500
200269,01500
200270,01500
200271,01500
200272,01500
200273,01500
200274,01500
200275,01500
200276,01500
200277,01500
200278,01500
200279,01500
200280,01500
200281,01500
200282,01500
200283,01500
200284,01500
200285,01500
200286,01500
200287,01500
200288,01500
200289,01500
200290,01500
200292,01500
200293,01500
200294,01500
200295,01500
200296,01500
200297,01500
200298,01500
200299,01500
200300,01500
200301,01500
200302,01500
200303,01500
200304,01500
200305,01500
200306,01500
200307,01500
200308,01500
200309,01500
200310,01500
200311,01500
200312,01500
200313,01500
200314,01500
200315,01500
200316,01500
200317,01500
200318,01500
200319,01500
200320,01500
200321,01500
200322,01500
200323,01500
200324,01500
200325,01500
200326,01500
200327,01500
200328,01500
200329,01500
200330,01500
200331,01500
200332,01500
200333,01500
200334,01500
200335,01500
200336,01500
200337,01500
200338,01500
200339,01500
200340,01500
200341,01500
200342,01500
200344,01500
200345,01500
200346,01500
200347,01500
200348,01500
200349,01500
200350,01500
200351,01500
200352,01500
200353,01500
200354,01500
200355,01500
200356,01500
200357,01500
200358,01500
200359,01500
200360,01500
200361,01500
200362,01500
200363,01500
200364,01500
200365,01500
200366,01500
200367,01500
200368,01500
200369,01500
200371,01500
200374,01500
200375,01500
200376,01500
200377,01500
200378,01500
200379,01500
200380,01500
200381,01500
200382,01500
200383,01500
200384,01500
200385,01500
200386,01500
200387,01500
200388,01500
200389,01500
200390,01500
200391,01500
200392,01500
200393,01500
200394,01500
200395,01500
200396,01500
200397,01500
200398,01500
200399,01500
200400,01500
200401,01500
200402,01500
200403,01500
200404,01500
200405,01500
200406,01500
200407,01500
200408,01500
200409,01500
200410,01500
200411,01500
200412,01500
200413,01500
200415,01500
200416,01500
200419,01500
200420,01500
200421,01500
200422,01500
200423,01500
200424,01500
200425,01500
200426,01500
200427,01500
200428,01500
200429,01500
200430,01500
200431,01500
200432,01500
200433,01500
200434,01500
200435,01500
200436,01500
200437,01500
200438,01500
200439,01500
200440,01500
200441,01500
200442,01500
200443,01500
200444,01500
200445,01500
200446,01500
200447,01500
200448,01500
200449,01500
200450,01500
200451,01500
200452,01500
200453,01500
200454,01500
200455,01500
200456,01500
200457,01500
200458,01500
200459,01500
200460,01500
200461,01500
200462,01500
200463,01500
200464,01500
200465,01500
200466,01500
200467,01500
200468,01500
200469,01500
200470,01500
200471,01500
200472,01500
200473,01500
200474,01500
200475,01500
200476,01500
200477,01500
200478,01500
200479,01500
200480,01500
200481,01500
200482,01500
200484,01500
200485,01500
200486,01500
200487,01500
200488,01500
200489,01500
200490,01500
200491,01500
200493,01500
200494,01500
200495,01500
200496,01500
200497,01500
200498,01500
200500,01500
200501,01500
200503,01500
200505,01500
200506,01500
200507,01500
200508,01500
200509,01500
200510,01500
200511,01500
200512,01500
200513,01500
200514,01500
200515,01500
200516,01500
200517,01500
200518,01500
200519,01500
200520,01500
200521,01500
200522,01500
200523,01500
200524,01500
200525,01500
200526,01500
200527,01500
200528,01500
200529,01500
200530,01500
200531,01500
200532,01500
200533,01500
200534,01500
200535,01500
200536,01500
200537,01500
200538,01500
200540,01500
200541,01500
200542,01500
200543,01500
200544,01500
200545,01500
200546,01500
200547,01500
200548,01500
200550,01500
200551,01500
200553,01500
200554,01500
200555,01500
200556,01500
200557,01500
200558,01500
200559,01500
200560,01500
200561,01500
200562,01500
200563,01500
200564,01500
200565,01500
200566,01500
200567,01500
200568,01500
200569,01500
200570,01500
200571,01500
200572,01500
200573,01500
200574,01500
200575,01500
200576,01500
200577,01500
200578,01500
200579,01500
200580,01500
200581,01500
200582,01500
200583,01500
200584,01500
200585,01500
200586,01500
200587,01500
200588,01500
200589,01500
200590,01500
200593,01500
200595,01500
200596,01500
200597,01500
200598,01500
200599,01500
200600,01500
200601,01500
200602,01500
200603,01500
200604,01500
200605,01500
200606,01500
200607,01500
200608,01500
200609,01500
200610,01500
200611,01500
200612,01500
200613,01500
200614,01500
200615,01500
200616,01500
200617,01500
200618,01500
200619,01500
200620,01500
200621,01500
200622,01500
200623,01500
200624,01500
200625,01500
200626,01500
200627,01500
200628,01500
200629,01500
200630,01500
200631,01500
200632,01500
200633,01500
200634,01500
200635,01500
200636,01500
200637,01500
200638,01500
200639,01500
200640,01500
200641,01500
200642,01500
200643,01500
200645,01500
200646,01500
200647,01500
200648,01500
200649,01500
200650,01500
200651,01500
200652,01500
200653,01500
200654,01500
200656,01500
200657,01500
200658,01500
200659,01500
200660,01500
200661,01500
200662,01500
200663,01500
200664,01500
200665,01500
200666,01500
200667,01500
200668,01500
200669,01500
200670,01500
200671,01500
200672,01500
200673,01500
200675,01500
200676,01500
200677,01500
200678,01500
200679,01500
200680,01500
200681,01500
200682,01500
200683,01500
200684,01500
200685,01500
200686,01500
200687,01500
200688,01500
200689,01500
200690,01500
200692,01500
200693,01500
200694,01500
200695,01500
200696,01500
200697,01500
200698,01500
200699,01500
200700,01500
200702,01500
200703,01500
200705,01500
200706,01500
200707,01500
200708,01500
200709,01500
200710,01500
200711,01500
200712,01500
200713,01500
200714,01500
200715,01500
200716,01500
200718,01500
200720,01500
200721,01500
200722,01500
200723,01500
200724,01500
200725,01500
200726,01500
200727,01500
200730,01500
200731,01500
200732,01500
200733,01500
200734,01500
200735,01500
200736,01500
200737,01500
200738,01500
200739,01500
200740,01500
200741,01500
200743,01500
200744,01500
200745,01500
200747,01500
200748,01500
200750,01500
200751,01500
200752,01500
200753,01500
200754,01500
200755,01500
200756,01500
200757,01500
200758,01500
200759,01500
200760,01500
200762,01500
200763,01500
200764,01500
200765,01500
200766,01500
200767,01500
200768,01500
200769,01500
200770,01500
200771,01500
200773,01500
200774,01500
200775,01500
200776,01500
200777,01500
200778,01500
200779,01500
200780,01500
200781,01500
200782,01500
200783,01500
200784,01500
200785,01500
200786,01500
200788,01500
200790,01500
200791,01500
200792,01500
200793,01500
200794,01500
200796,01500
200797,01500
200798,01500
200799,01500
200800,01500
200801,01500
200802,01500
200803,01500
200804,01500
200805,01500
200806,01500
200807,01500
200808,01500
200809,01500
200810,01500
200811,01500
200812,01500
200813,01500
200814,01500
200815,01500
200816,01500
200817,01500
200818,01500
200819,01500
200821,01500
200822,01500
200823,01500
200824,01500
200825,01500
200827,01500
200829,01500
200830,01500
200831,01500
200832,01500
200833,01500
200834,01500
200835,01500
200836,01500
200837,01500
200838,01500
200839,01500
200840,01500
200841,01500
200842,01500
200843,01500
200844,01500
200845,01500
200846,01500
200847,01500
200848,01500
200849,01500
200850,01500
200851,01500
200852,01500
200853,01500
200854,01500
200855,01500
200856,01500
200857,01500
200858,01500
200859,01500
200860,01500
200861,01500
200862,01500
200863,01500
200864,01500
200865,01500
200866,01500
200867,01500
200868,01500
200869,01500
200870,01500
200871,01500
200872,01500
200873,01500
200874,01500
200875,01500
200876,01500
200877,01500
200878,01500
200879,01500
200881,01500
200883,01500
200884,01500
200885,01500
200886,01500
200887,01500
200888,01500
200889,01500
200890,01500
200893,01500
200894,01500
200895,01500
200896,01500
200897,01500
200898,01500
200899,01500
200900,01500
200901,01500
200902,01500
200903,01500
200904,01500
200905,01500
200906,01500
200907,01500
200908,01500
200909,01500
200910,01500
200911,01500
200912,01500
200913,01500
200914,01500
200915,01500
200916,01500
200917,01500
200919,01500
200920,01500
200921,01500
200922,01500
200925,01500
200926,01500
200927,01500
200928,01500
200929,01500
200930,01500
200932,01500
200933,01500
200934,01500
200935,01500
200936,01500
200938,01500
200939,01500
200940,01500
200941,01500
200942,01500
200943,01500
200944,01500
200945,01500
200946,01500
200947,01500
200948,01500
200949,01500
200951,01500
200953,01500
200954,01500
200955,01500
200956,01500
200957,01500
200958,01500
200959,01500
200960,01500
200961,01500
200964,01500
200966,01500
200967,01500
200968,01500
200969,01500
200970,01500
200971,01500
200972,01500
200973,01500
200974,01500
200975,01500
200976,01500
200977,01500
200978,01500
200979,01500
200980,01500
200981,01500
200982,01500
200983,01500
200984,01500
200985,01500
200986,01500
200987,01500
200989,01500
200990,01500
200991,01500
200992,01500
200993,01500
200994,01500
200995,01500
200996,01500
200997,01500
200998,01500
200999,01500
201000,01500
201002,01500
201004,01500
201007,01500
201008,01500
201009,01500
201010,01500
201011,01500
201012,01500
201013,01500
201014,01500
201015,01500
201017,01500
201018,01500
201019,01500
201020,01500
201021,01500
201022,01500
201023,01500
201024,01500
201025,01500
201026,01500
201027,01500
201028,01500
201030,01500
201031,01500
201032,01500
201033,01500
201034,01500
201035,01500
201036,01500
201037,01500
201038,01500
201039,01500
201040,01500
201041,01500
201042,01500
201043,01500
201044,01500
201046,01500
201047,01500
201048,01500
201049,01500
201050,01500
201051,01500
201052,01500
201053,01500
201054,01500
201055,01500
201056,01500
201057,01500
201058,01500
201059,01500
201060,01500
201061,01500
201062,01500
201063,01500
201064,01500
201065,01500
201066,01500
201068,01500
201069,01500
201070,01500
201071,01500
201072,01500
201073,01500
201074,01500
201075,01500
201076,01500
201077,01500
201078,01500
201079,01500
201080,01500
201081,01500
201082,01500
201083,01500
201084,01500
201085,01500
201086,01500
201087,01500
201088,01500
201089,01500
201090,01500
201091,01500
201092,01500
201093,01500
300001,01500
300002,01500
300003,01500
300004,01500
300005,01500
300006,01500
300007,01500
300008,01500
300009,01500
300010,01500
300011,01500
300012,01500
300013,01500
300014,01500
300015,01500
300016,01500
300017,01500
300018,01500
300019,01500
300020,01500
300021,01500
300022,01500
300023,01500
300024,01500
300025,01500
300026,01500
300027,01500
300028,01500
300029,01500
300030,01500
300031,01500
300032,01500
300033,01500
300034,01500
300035,01500
300036,01500
300037,01500
300038,01500
300039,01500
300040,01500
300041,01500
300042,01500
300043,01500
300044,01500
300046,01500
300047,01500
300048,01500
300049,01500
300050,01500
300051,01500
300052,01500
300053,01500
300054,01500
300055,01500
300056,01500
300057,01500
300058,01500
300059,01500
300060,01500
300061,01500
300062,01500
300063,01500
300064,01500
300065,01500
300066,01500
300067,01500
300068,01500
300069,01500
300070,01500
300071,01500
300072,01500
300073,01500
300074,01500
300075,01500
300076,01500
300077,01500
300078,01500
300079,01500
300080,01500
300081,01500
300082,01500
300083,01500
300084,01500
300085,01500
300086,01500
300087,01500
300088,01500
300089,01500
300090,01500
300092,01500
300093,01500
300094,01500
300095,01500
300096,01500
300097,01500
300098,01500
300099,01500
300100,01500
300101,01500
300102,01500
300103,01500
300104,01500
300105,01500
300106,01500
300107,01500
300108,01500
300109,01500
300110,01500
300111,01500
300112,01500
300113,01500
300114,01500
300115,01500
300116,01500
300118,01500
300119,01500
300120,01500
300121,01500
300122,01500
300123,01500
300124,01500
300125,01500
300126,01500
300127,01500
300128,01500
300129,01500
300130,01500
300131,01500
300132,01500
300133,01500
300134,01500
300135,01500
300136,01500
300137,01500
300138,01500
300139,01500
300140,01500
300141,01500
300142,01500
300143,01500
300144,01500
300145,01500
300146,01500
300147,01500
300148,01500
300149,01500
300150,01500
300151,01500
300152,01500
300153,01500
300154,01500
300155,01500
300156,01500
300157,01500
300158,01500
300159,01500
300160,01500
300161,01500
300162,01500
300163,01500
300164,01500
300165,01500
300166,01500
300167,01500
300168,01500
300169,01500
300170,01500
300171,01500
300172,01500
300173,01500
300174,01500
300175,01500
300176,01500
300177,01500
300178,01500
300179,01500
300180,01500
300181,01500
300182,01500
300183,01500
300184,01500
300185,01500
300186,01500
300187,01500
300188,01500
300189,01500
300190,01500
300191,01500
300192,01500
300193,01500
300194,01500
300195,01500
300196,01500
300197,01500
300198,01500
300199,01500
300200,01500
300201,01500
300202,01500
300203,01500
300204,01500
300205,01500
300206,01500
300207,01500
300208,01500
300209,01500
300210,01500
300211,01500
300212,01500
300213,01500
300214,01500
300215,01500
300216,01500
300217,01500
300218,01500
300219,01500
300220,01500
300221,01500
300222,01500
300223,01500
300224,01500
300225,01500
300226,01500
300227,01500
300228,01500
300229,01500
300230,01500
300231,01500
300232,01500
300233,01500
300234,01500
300235,01500
300236,01500
300237,01500
300238,01500
300239,01500
300240,01500
300241,01500
300242,01500
300243,01500
300244,01500
300245,01500
300246,01500
300247,01500
300248,01500
300249,01500
300250,01500
300251,01500
300252,01500
300253,01500
300254,01500
300255,01500
300256,01500
300257,01500
300258,01500
300259,01500
300260,01500
300261,01500
300262,01500
300263,01500
300264,01500
300265,01500
300266,01500
300267,01500
300268,01500
300269,01500
300270,01500
300271,01500
300272,01500
300273,01500
300274,01500
300275,01500
300276,01500
300277,01500
300279,01500
300280,01500
300281,01500
300282,01500
300283,01500
300284,01500
300286,01500
300287,01500
300288,01500
300289,01500
300290,01500
300291,01500
300292,01500
300293,01500
300295,01500
300296,01500
300297,01500
300298,01500
300299,01500
300300,01500
300301,01500
300302,01500
300303,01500
300304,01500
300305,01500
300306,01500
300307,01500
300308,01500
300309,01500
300310,01500
300311,01500
300312,01500
300313,01500
300314,01500
300315,01500
300316,01500
300317,01500
300318,01500
300319,01500
300320,01500
300321,01500
300322,01500
300323,01500
300324,01500
300325,01500
300326,01500
300327,01500
300328,01500
300329,01500
300330,01500
300331,01500
300332,01500
300333,01500
300334,01500
300335,01500
300336,01500
300337,01500
300338,01500
300339,01500
300340,01500
300341,01500
300342,01500
300343,01500
300344,01500
300345,01500
300346,01500
300347,01500
300348,01500
300349,01500
300350,01500
300351,01500
300352,01500
300353,01500
300354,01500
300355,01500
300356,01500
300357,01500
300358,01500
300359,01500
300360,01500
300361,01500
300362,01500
300363,01500
300364,01500
300365,01500
300366,01500
300367,01500
300368,01500
300369,01500
300370,01500
300371,01500
300372,01500
300373,01500
300374,01500
300375,01500
300376,01500
300377,01500
300378,01500
300379,01500
300380,01500
300381,01500
300382,01500
300383,01500
300384,01500
300385,01500
300386,01500
300387,01500
300388,01500
300389,01500
300390,01500
300391,01500
300392,01500
300393,01500
300394,01500
300395,01500
300396,01500
300397,01500
300398,01500
300399,01500
300400,01500
300401,01500
300402,01500
300403,01500
300404,01500
300405,01500
300406,01500
300407,01500
300408,01500
300409,01500
300410,01500
300411,01500
300412,01500
300413,01500
300414,01500
300415,01500
300416,01500
300417,01500
300418,01500
300419,01500
300420,01500
300421,01500
300422,01500
300423,01500
300424,01500
300425,01500
300426,01500
300427,01500
300428,01500
300429,01500
300430,01500
300431,01500
300432,01500
300433,01500
300434,01500
300435,01500
300436,01500
300437,01500
300438,01500
300439,01500
300440,01500
300441,01500
300442,01500
300443,01500
300444,01500
300445,01500
300446,01500
300447,01500
300448,01500
300449,01500
300450,01500
300451,01500
300452,01500
300453,01500
300454,01500
300455,01500
300456,01500
300457,01500
300458,01500
300459,01500
300460,01500
300461,01500
300462,01500
300463,01500
300464,01500
300465,01500
300466,01500
300467,01500
300468,01500
300469,01500
300470,01500
300471,01500
300472,01500
300473,01500
300474,01500
300475,01500
300476,01500
300477,01500
300478,01500
300479,01500
300480,01500
300481,01500
300482,01500
300483,01500
300484,01500
300485,01500
300487,01500
300488,01500
300489,01500
300490,01500
300491,01500
300493,01500
300494,01500
300495,01500
300496,01500
300497,01500
300498,01500
300499,01500
300501,01500
300502,01500
300503,01500
300504,01500
300505,01500
300506,01500
300507,01500
300508,01500
300509,01500
300510,01500
300512,01500
300514,01500
300515,01500
300516,01500
300517,01500
300518,01500
300519,01500
300520,01500
300521,01500
300522,01500
300523,01500
300525,01500
300527,01500
300528,01500
300530,01500
300531,01500
300532,01500
300533,01500
300535,01500
300536,01500
300537,01500
300538,01500
300539,01500
300540,01500
300541,01500
300542,01500
300543,01500
300544,01500
300545,01500
300546,01500
300547,01500
300548,01500
300549,01500
300550,01500
300551,01500
300552,01500
300553,01500
300554,01500
300555,01500
300556,01500
300557,01500
300558,01500
300559,01500
300560,01500
300561,01500
300562,01500
300563,01500
300564,01500
300565,01500
300566,01500
300567,01500
300568,01500
300569,01500
300570,01500
300571,01500
300572,01500
300573,01500
300574,01500
300575,01500
300576,01500
300577,01500
300578,01500
300579,01500
300580,01500
300581,01500
300582,01500
300583,01500
300584,01500
300586,01500
300587,01500
300588,01500
300589,01500
300590,01500
300591,01500
300592,01500
300593,01500
300594,01500
300595,01500
300596,01500
300597,01500
300598,01500
300599,01500
300600,01500
300601,01500
300602,01500
300603,01500
300604,01500
300605,01500
300606,01500
300607,01500
300609,01500
300610,01500
300611,01500
300612,01500
300613,01500
300614,01500
300615,01500
300616,01500
300617,01500
300618,01500
300619,01500
300620,01500
300621,01500
300622,01500
300623,01500
300624,01500
300625,01500
300626,01500
300627,01500
300628,01500
300629,01500
300630,01500
300631,01500
300632,01500
300633,01500
300634,01500
300635,01500
300637,01500
300638,01500
300639,01500
300640,01500
300641,01500
300642,01500
300643,01500
300644,01500
300645,01500
300646,01500
300647,01500
300648,01500
300649,01500
300650,01500
300651,01500
300652,01500
300653,01500
300654,01500
300655,01500
300656,01500
300657,01500
300658,01500
300659,01500
300660,01500
300661,01500
300662,01500
300663,01500
300664,01500
300665,01500
300666,01500
300667,01500
300668,01500
300669,01500
300670,01500
300671,01500
300672,01500
300673,01500
300674,01500
300675,01500
300676,01500
300677,01500
300678,01500
300679,01500
300680,01500
300681,01500
300682,01500
300683,01500
300684,01500
300685,01500
300686,01500
300687,01500
300688,01500
300689,01500
300690,01500
300691,01500
300692,01500
300693,01500
300695,01500
300696,01500
300697,01500
300698,01500
300699,01500
300700,01500
300701,01500
300702,01500
300703,01500
300704,01500
300705,01500
300706,01500
300707,01500
300708,01500
300709,01500
300710,01500
300711,01500
300712,01500
300713,01500
300714,01500
300715,01500
300716,01500
300717,01500
300718,01500
300719,01500
300720,01500
300721,01500
300722,01500
300723,01500
300724,01500
300725,01500
300726,01500
300727,01500
300728,01500
300729,01500
300730,01500
300731,01500
300732,01500
300733,01500
300734,01500
300735,01500
300736,01500
300737,01500
300738,01500
300739,01500
300740,01500
300741,01500
300742,01500
300743,01500
300744,01500
300745,01500
300746,01500
300747,01500
300748,01500
300749,01500
300750,01500
300751,01500
300752,01500
300753,01500
300754,01500
300755,01500
300756,01500
300757,01500
300758,01500
300759,01500
300760,01500
300761,01500
300762,01500
300763,01500
300764,01500
300765,01500
300766,01500
300767,01500
300768,01500
300769,01500
300770,01500
300771,01500
300772,01500
300773,01500
300774,01500
300775,01500
300776,01500
300777,01500
300778,01500
300779,01500
300780,01500
300781,01500
300782,01500
300783,01500
300784,01500
300785,01500
300786,01500
300787,01500
300788,01500
300789,01500
300790,01500
300791,01500
300792,01500
300793,01500
300794,01500
300795,01500
300796,01500
300797,01500
300798,01500
300799,01500
300800,01500
300801,01500
300802,01500
300803,01500
300804,01500
300805,01500
300806,01500
300807,01500
300808,01500
300809,01500
300810,01500
300811,01500
300813,01500
300814,01500
300815,01500
300816,01500
300817,01500
300819,01500
300820,01500
300821,01500
300822,01500
300823,01500
300824,01500
300825,01500
300826,01500
300827,01500
300828,01500
300829,01500
300830,01500
300831,01500
300832,01500
300833,01500
300834,01500
300835,01500
300836,01500
300837,01500
300838,01500
300839,01500
300840,01500
300841,01500
300842,01500
300843,01500
300844,01500
300845,01500
300846,01500
300847,01500
300848,01500
300849,01500
300850,01500
300851,01500
300852,01500
300853,01500
300854,01500
300855,01500
300856,01500
300857,01500
300858,01500
300859,01500
300860,01500
300861,01500
300862,01500
300863,01500
300864,01500
300865,01500
300866,01500
300867,01500
300868,01500
300870,01500
300872,01500
300873,01500
300875,01500
300876,01500
300877,01500
300878,01500
300879,01500
300880,01500
300881,01500
300882,01500
300883,01500
300884,01500
300885,01500
300886,01500
300887,01500
300888,01500
300889,01500
300890,01500
300891,01500
300892,01500
300893,01500
300894,01500
300895,01500
300896,01500
300897,01500
300898,01500
300899,01500
300900,01500
300901,01500
300902,01500
300903,01500
300904,01500
300905,01500
300906,01500
300907,01500
300908,01500
300909,01500
300911,01500
300912,01500
300913,01500
300914,01500
300915,01500
300916,01500
300917,01500
300918,01500
300919,01500
300920,01500
300921,01500
300922,01500
300923,01500
300924,01500
300925,01500
300926,01500
300927,01500
300928,01500
300929,01500
300930,01500
300931,01500
300932,01500
300933,01500
300934,01500
300935,01500
300936,01500
300937,01500
300938,01500
300939,01500
300940,01500
300941,01500
300942,01500
300943,01500
300944,01500
300945,01500
300946,01500
300947,01500
300948,01500
300949,01500
300950,01500
300951,01500
300952,01500
300953,01500
300954,01500
300955,01500
300956,01500
300957,01500
300958,01500
300959,01500
300960,01500
300961,01500
300962,01500
300963,01500
300964,01500
300966,01500
300967,01500
300968,01500
300969,01500
300970,01500
300972,01500
300973,01500
300974,01500
300975,01500
300976,01500
300977,01500
300978,01500
300979,01500
300980,01500
300981,01500
300982,01500
300983,01500
300984,01500
300985,01500
300986,01500
300987,01500
300988,01500
300989,01500
300990,01500
300991,01500
300992,01500
300994,01500
300996,01500
300997,01500
300998,01500
300999,01500
301000,01500
301001,01500
301002,01500
301003,01500
301004,01500
301005,01500
301006,01500
301007,01500
301008,01500
301009,01500
301010,01500
301011,01500
301012,01500
301013,01500
301014,01500
301015,01500
301016,01500
301017,01500
301018,01500
301019,01500
301020,01500
301021,01500
301022,01500
301023,01500
301024,01500
301025,01500
301026,01500
301027,01500
301028,01500
301029,01500
301030,01500
301031,01500
301032,01500
301033,01500
301034,01500
301035,01500
301036,01500
301037,01500
301038,01500
301039,01500
301040,01500
301041,01500
301042,01500
301043,01500
301044,01500
301045,01500
301046,01500
301047,01500
301048,01500
301049,01500
301050,01500
301051,01500
301053,01500
301054,01500
301055,01500
301056,01500
301057,01500
301058,01500
301059,01500
301060,01500
301061,01500
301062,01500
301063,01500
301064,01500
301065,01500
301066,01500
301068,01500
301069,01500
301070,01500
301071,01500
301072,01500
301073,01500
301074,01500
301075,01500
301076,01500
301077,01500
301078,01500
301079,01500
301080,01500
301081,01500
301082,01500
301084,01500
301085,01500
301086,01500
301087,01500
301088,01500
301089,01500
301090,01500
301091,01500
301092,01500
301093,01500
301094,01500
301095,01500
301096,01500
301097,01500
301098,01500
301099,01500
301100,01500
301101,01500
301102,01500
301103,01500
301104,01500
301105,01500
301106,01500
301107,01500
301108,01500
301109,01500
301110,01500
301111,01500
301112,01500
301113,01500
301114,01500
301115,01500
301116,01500
301117,01500
301118,01500
301119,01500
301120,01500
301121,01500
301122,01500
301123,01500
301124,01500
301125,01500
301126,01500
301127,01500
301128,01500
301129,01500
301130,01500
301131,01500
301132,01500
400001,01500
400002,01500
400003,01500
400004,01500
400005,01500
400006,01500
400007,01500
400008,01500
400009,01500
400010,01500
400011,01500
400012,01500
400013,01500
400014,01500
400015,01500
400016,01500
400017,01500
400018,01500
400019,01500
400020,01500
400021,01500
400022,01500
400023,01500
400024,01500
400025,01500
400026,01500
400027,01500
400028,01500
400029,01500
400030,01500
400031,01500
400032,01500
400033,01500
400034,01500
400035,01500
400036,01500
400037,01500
400038,01500
400039,01500
400040,01500
400041,01500
400042,01500
400043,01500
400044,01500
400045,01500
400046,01500
400047,01500
400048,01500
400049,01500
400050,01500
400051,01500
400052,01500
400053,01500
400054,01500
400055,01500
400056,01500
400057,01500
400058,01500
400059,01500
400060,01500
400061,01500
400062,01500
400063,01500
400064,01500
400065,01500
400066,01500
400067,01500
400068,01500
400069,01500
400070,01500
400071,01500
400072,01500
400073,01500
400074,01500
400075,01500
400076,01500
400077,01500
400078,01500
400079,01500
400080,01500
400081,01500
400082,01500
400083,01500
400084,01500
400085,01500
400086,01500
400087,01500
400088,01500
400089,01500
400090,01500
400091,01500
400092,01500
400093,01500
400094,01500
400095,01500
400096,01500
400097,01500
400098,01500
400099,01500
400100,01500
400101,01500
400102,01500
400103,01500
400104,01500
400105,01500
400106,01500
400107,01500
400108,01500
400109,01500
400110,01500
400111,01500
400112,01500
400113,01500
400114,01500
400115,01500
400116,01500
400117,01500
400118,01500
400119,01500
400120,01500
400121,01500
400122,01500
400123,01500
400124,01500
400125,01500
400126,01500
400127,01500
400128,01500
400129,01500
400130,01500
400131,01500
400132,01500
400133,01500
400134,01500
400135,01500
400136,01500
400137,01500
400138,01500
400139,01500
400140,01500
400141,01500
400142,01500
400143,01500
400144,01500
400145,01500
400146,01500
400147,01500
400149,01500
400150,01500
400151,01500
400152,01500
400153,01500
400154,01500
400155,01500
400156,01500
400157,01500
400158,01500
400159,01500
400160,01500
400161,01500
400162,01500
400163,01500
400164,01500
400165,01500
400166,01500
400167,01500
400168,01500
400169,01500
400170,01500
400171,01500
400172,01500
400173,01500
400174,01500
400175,01500
400176,01500
400177,01500
400178,01500
400179,01500
400180,01500
400181,01500
400182,01500
400183,01500
400184,01500
400185,01500
400186,01500
400187,01500
400188,01500
400189,01500
400190,01500
400191,01500
400192,01500
400193,01500
400194,01500
400195,01500
400196,01500
400197,01500
400198,01500
400199,01500
400200,01500
400201,01500
400202,01500
400203,01500
400204,01500
400205,01500
400206,01500
400207,01500
400208,01500
400209,01500
400210,01500
400211,01500
400212,01500
400213,01500
400214,01500
400215,01500
400216,01500
400217,01500
400218,01500
400219,01500
400220,01500
400221,01500
400222,01500
400223,01500
400224,01500
400225,01500
400226,01500
400227,01500
400228,01500
400229,01500
400230,01500
400231,01500
400232,01500
400233,01500
400234,01500
400235,01500
400236,01500
400237,01500
400238,01500
400239,01500
400240,01500
400241,01500
400242,01500
400243,01500
400244,01500
400245,01500
400246,01500
400247,01500
400248,01500
400249,01500
400250,01500
400251,01500
400252,01500
400253,01500
400254,01500
400255,01500
400256,01500
400257,01500
400258,01500
400259,01500
400260,01500
400261,01500
400262,01500
400263,01500
400264,01500
400265,01500
400266,01500
400267,01500
400268,01500
400269,01500
400270,01500
400271,01500
400272,01500
400273,01500
400274,01500
400275,01500
400276,01500
400277,01500
400278,01500
400279,01500
400280,01500
400281,01500
400282,01500
400283,01500
400284,01500
400285,01500
400286,01500
400287,01500
400288,01500
400289,01500
400290,01500
400291,01500
400292,01500
400293,01500
400294,01500
400295,01500
400296,01500
400297,01500
400298,01500
400299,01500
400300,01500
400301,01500
400302,01500
400303,01500
400304,01500
400305,01500
400306,01500
400307,01500
400308,01500
400309,01500
400310,01500
400311,01500
400312,01500
400313,01500
400314,01500
400315,01500
400316,01500
400317,01500
400318,01500
400319,01500
400320,01500
400321,01500
400322,01500
400324,01500
400325,01500
400326,01500
400327,01500
400328,01500
400329,01500
400330,01500
400331,01500
400332,01500
400333,01500
400334,01500
400335,01500
400336,01500
400337,01500
400338,01500
400339,01500
400340,01500
400341,01500
400342,01500
400343,01500
400345,01500
400346,01500
400347,01500
400348,01500
400349,01500
400350,01500
400351,01500
400352,01500
400353,01500
400354,01500
400355,01500
400356,01500
400357,01500
400358,01500
400359,01500
400360,01500
400361,01500
400362,01500
400363,01500
400364,01500
400365,01500
400366,01500
400367,01500
400368,01500
400369,01500
400370,01500
400371,01500
400372,01500
400373,01500
400374,01500
400375,01500
400376,01500
400377,01500
400378,01500
400379,01500
400380,01500
400381,01500
400382,01500
400383,01500
400384,01500
400385,01500
400386,01500
400387,01500
400388,01500
400389,01500
400390,01500
400391,01500
400392,01500
400393,01500
400394,01500
400395,01500
400396,01500
400397,01500
400398,01500
400399,01500
400400,01500
400401,01500
400402,01500
400403,01500
400404,01500
400405,01500
400406,01500
400407,01500
400408,01500
400409,01500
400410,01500
400411,01500
400412,01500
400413,01500
400414,01500
400415,01500
400416,01500
400417,01500
400418,01500
400419,01500
400420,01500
400421,01500
400422,01500
400423,01500
400424,01500
400425,01500
400426,01500
400427,01500
400428,01500
400429,01500
400430,01500
400431,01500
400432,01500
400433,01500
400434,01500
400435,01500
400436,01500
400437,01500
400438,01500
400439,01500
400440,01500
400441,01500
400442,01500
400443,01500
400444,01500
400445,01500
400446,01500
400447,01500
400448,01500
400449,01500
400450,01500
400451,01500
400452,01500
400453,01500
400454,01500
400455,01500
400456,01500
400457,01500
400458,01500
400459,01500
400460,01500
400461,01500
400462,01500
400464,01500
400465,01500
400466,01500
400467,01500
400468,01500
400469,01500
400470,01500
400471,01500
400472,01500
400473,01500
400474,01500
400475,01500
400476,01500
400477,01500
400478,01500
400479,01500
400480,01500
400481,01500
400482,01500
400483,01500
400484,01500
400485,01500
400486,01500
400487,01500
400488,01500
400489,01500
400490,01500
400491,01500
400492,01500
400493,01500
400494,01500
400495,01500
400496,01500
400497,01500
400498,01500
400499,01500
400500,01500
400501,01500
400502,01500
400503,01500
400504,01500
400505,01500
400506,01500
400507,01500
400508,01500
400509,01500
400510,01500
400511,01500
400512,01500
400513,01500
400514,01500
400515,01500
400516,01500
400517,01500
400518,01500
400520,01500
400521,01500
400522,01500
400523,01500
400524,01500
400525,01500
400526,01500
400527,01500
400528,01500
400529,01500
400530,01500
400531,01500
400532,01500
400533,01500
400534,01500
400535,01500
400537,01500
400538,01500
400539,01500
400540,01500
400542,01500
400543,01500
400544,01500
400545,01500
400546,01500
400547,01500
400548,01500
400550,01500
400551,01500
400552,01500
400553,01500
400554,01500
400555,01500
400556,01500
400557,01500
400558,01500
400559,01500
400560,01500
400561,01500
400562,01500
400563,01500
400564,01500
400565,01500
400566,01500
400567,01500
400568,01500
400569,01500
400570,01500
400571,01500
400572,01500
400573,01500
400574,01500
400575,01500
400576,01500
400577,01500
400578,01500
400579,01500
400580,01500
400581,01500
400582,01500
400583,01500
400584,01500
400585,01500
400586,01500
400587,01500
400588,01500
400589,01500
400590,01500
400591,01500
400592,01500
400593,01500
400594,01500
400595,01500
400596,01500
400597,01500
400598,01500
400599,01500
400600,01500
400601,01500
400603,01500
400604,01500
400605,01500
400607,01500
400608,01500
400609,01500
400610,01500
400611,01500
400612,01500
400613,01500
400614,01500
400615,01500
400616,01500
400617,01500
400618,01500
400619,01500
400620,01500
400621,01500
400622,01500
400623,01500
400624,01500
400625,01500
400626,01500
400627,01500
400628,01500
400629,01500
400630,01500
400631,01500
400632,01500
400633,01500
400634,01500
400636,01500
400637,01500
400638,01500
400639,01500
400640,01500
400641,01500
500001,01500
500002,01500
500003,01500
500004,01500
500005,01500
500006,01500
500007,01500
500008,01500
500009,01500
500010,01500
500011,01500
500012,01500
500013,01500
500014,01500
500015,01500
500017,01500
500018,01500
500019,01500
500020,01500
500021,01500
500022,01500
500023,01500
500024,01500
500025,01500
500026,01500
500027,01500
500028,01500
500029,01500
500032,01500
500033,01500
500034,01500
500035,01500
500036,01500
500037,01500
500038,01500
500039,01500
500040,01500
500041,01500
500042,01500
500043,01500
500044,01500
500045,01500
500046,01500
500047,01500
500048,01500
500049,01500
500050,01500
500051,01500
500052,01500
500053,01500
500054,01500
500055,01500
500056,01500
500057,01500
500058,01500
500059,01500
500060,01500
500061,01500
500062,01500
500063,01500
500064,01500
500065,01500
500066,01500
500067,01500
500068,01500
500069,01500
500070,01500
500071,01500
500073,01500
500074,01500
500075,01500
500076,01500
500077,01500
500078,01500
500079,01500
500080,01500
500081,01500
500082,01500
500083,01500
500084,01500
500085,01500
500086,01500
500087,01500
500088,01500
500089,01500
500090,01500
500091,01500
500093,01500
500094,01500
500096,01500
500098,01500
500100,01500
500101,01500
500102,01500
500103,01500
500104,01500
500105,01500
500106,01500
500107,01500
500108,01500
500109,01500
500110,01500
500111,01500
500112,01500
500113,01500
500114,01500
500115,01500
500116,01500
500117,01500
500119,01500
500120,01500
500121,01500
500122,01500
500123,01500
500124,01500
500125,01500
500126,01500
500127,01500
500128,01500
500129,01500
500130,01500
500131,01500
500132,01500
500133,01500
500134,01500
500135,01500
500136,01500
500138,01500
500140,01500
500141,01500
500142,01500
500143,01500
500144,01500
500145,01500
500146,01500
500147,01500
500148,01500
500149,01500
500150,01500
500151,01500
500152,01500
500153,01500
500154,01500
500155,01500
500156,01500
500157,01500
500158,01500
500159,01500
500160,01500
500161,01500
500162,01500
500163,01500
500164,01500
500165,01500
500166,01500
500167,01500
500168,01500
500169,01500
500170,01500
500171,01500
500172,01500
500173,01500
500174,01500
500175,01500
500176,01500
500177,01500
500178,01500
500179,01500
500180,01500
500181,01500
500182,01500
500183,01500
500184,01500
500185,01500
500186,01500
500187,01500
500188,01500
500189,01500
500190,01500
500191,01500
500192,01500
500193,01500
500194,01500
500195,01500
500196,01500
500197,01500
500198,01500
500199,01500
500200,01500
500201,01500
500202,01500
500203,01500
500204,01500
500205,01500
500206,01500
500207,01500
500208,01500
500209,01500
500210,01500
500211,01500
500212,01500
500213,01500
500214,01500
500215,01500
500216,01500
500217,01500
500218,01500
500219,01500
500220,01500
500222,01500
500223,01500
500225,01500
500226,01500
500227,01500
500228,01500
500229,01500
500230,01500
500231,01500
500232,01500
500233,01500
500234,01500
500235,01500
500237,01500
500238,01500
500239,01500
500240,01500
500241,01500
500243,01500
500244,01500
500245,01500
500246,01500
500247,01500
500248,01500
500249,01500
500250,01500
500251,01500
500252,01500
500253,01500
500255,01500
500256,01500
500257,01500
500258,01500
500259,01500
500260,01500
500263,01500
500264,01500
500265,01500
500266,01500
500267,01500
500268,01500
500269,01500
500270,01500
500271,01500
500272,01500
500273,01500
500274,01500
500275,01500
500276,01500
500277,01500
500278,01500
500279,01500
500280,01500
500281,01500
500282,01500
500283,01500
500284,01500
500285,01500
500286,01500
500287,01500
600001,01500
600002,01500
600003,01500
600004,01500
600005,01500
600006,01500
600007,01500
600008,01500
600009,01500
600010,01500
600011,01500
600012,01500
600013,01500
600014,01500
600015,01500
600017,01500
600018,01500
600019,01500
600020,01500
600021,01500
600022,01500
600023,01500
600024,01500
600025,01500
600026,01500
600027,01500
600028,01500
600029,01500
600030,01500
600032,01500
600033,01500
600034,01500
600035,01500
600036,01500
600037,01500
600038,01500
600039,01500
600040,01500
600041,01500
600042,01500
600044,01500
600045,01500
600046,01500
600047,01500
600048,01500
600049,01500
600050,01500
600051,01500
600052,01500
600053,01500
600054,01500
600055,01500
600056,01500
600057,01500
600058,01500
600059,01500
600060,01500
600061,01500
600062,01500
600064,01500
600066,01500
600067,01500
600068,01500
600069,01500
600070,01500
600071,01500
600072,01500
600073,01500
600075,01500
600076,01500
600077,01500
600078,01500
600079,01500
600080,01500
600081,01500
600082,01500
600083,01500
600084,01500
600085,01500
600086,01500
600087,01500
600088,01500
600089,01500
600090,01500
600091,01500
600092,01500
600093,01500
600094,01500
600095,01500
600096,01500
600097,01500
600098,01500
600099,01500
600100,01500
600101,01500
600102,01500
600103,01500
600105,01500
600106,01500
600107,01500
700001,01500
700002,01500
700003,01500
700005,01500
700006,01500
700007,01500
700008,01500
700009,01500
700010,01500
700011,01500
700012,01500
700013,01500
700014,01500
700015,01500
700016,01500
700017,01500
700019,01500
700020,01500
700021,01500
700022,01500
700023,01500
700024,01500
700025,01500
700026,01500
700027,01500
700028,01500
700029,01500
700030,01500
700031,01500
700032,01500
700033,01500
700034,01500
700035,01500
700036,01500
700037,01500
700038,01500
700039,01500
700040,01500
700041,01500
700042,01500
700043,01500
700044,01500
700045,01500
700046,01500
700047,01500
700048,01500
700049,01500
700050,01500
700051,01500
700052,01500
700053,01500
700054,01500
700055,01500
700056,01500
700057,01500
700058,01500
700059,01500
700060,01500
700061,01500
700062,01500
700063,01500
700064,01500
700065,01500
700066,01500
700068,01500
700069,01500
700070,01500
700071,01500
700072,01500
700073,01500
700074,01500
700075,01500
700076,01500
700077,01500
700078,01500
700079,01500
700080,01500
700081,01500
700082,01500
700083,01500
700084,01500
700085,01500
700086,01500
700087,01500
700088,01500
700089,01500
700090,01500
700091,01500
700092,01500
700093,01500
700094,01500
700095,01500
700097,01500
700098,01500
700099,01500
700100,01500
700101,01500
700102,01500
700103,01500
700105,01500
700106,01500
700107,01500
700108,01500
700109,01500
700110,01500
700111,01500
700112,01500
700113,01500
700114,01500
700115,01500
700116,01500
700117,01500
700118,01500
700121,01500
700122,01500
700123,01500
700124,01500
700125,01500
700126,01500
700127,01500
700128,01500
700129,01500
700130,01500
700131,01500
700132,01500
700133,01500
700134,01500
700135,01500
700136,01500
700137,01500
700138,01500
700139,01500
700140,01500
700141,01500
700142,01500
700143,01500
700144,01500
700145,01500
700146,01500
700147,01500
700148,01500
700149,01500
700150,01500
700151,01500
700152,01500
700155,01500
700156,01500
700157,01500
700158,01500
700160,01500
700161,01500
700162,01500
700163,01500
700164,01500
700165,01500
700167,01500
700168,01500
700169,01500
700170,01500
700171,01500
700172,01500
700173,01500
700174,01500
700175,01500
700176,01500
700177,01500
700178,01500
700179,01500
700180,01500
700181,01500
700182,01500
700183,01500
700184,01500
700185,01500
700186,01500
700187,01500
700190,01500
700191,01500
700192,01500
700193,01500
700195,01500
700196,01500
700197,01500
700198,01500
700199,01500
700200,01500
700201,01500
700202,01500
700203,01500
700204,01500
700205,01500
700206,01500
700207,01500
700208,01500
700209,01500
700210,01500
700211,01500
700212,01500
700213,01500
700214,01500
700216,01500
700217,01500
700218,01500
700219,01500
700220,01500
700221,01500
700222,01500
700225,01500
700226,01500
700227,01500
700228,01500
700229,01500
700230,01500
700231,01500
700232,01500
700233,01500
700234,01500
700235,01500
700236,01500
700237,01500
700238,01500
700239,01500
700240,01500
700241,01500
700242,01500
700243,01500
700244,01500
700245,01500
700246,01500
700247,01500
700248,01500
700249,01500
700250,01500
700251,01500
700252,01500
700253,01500
700254,01500
700255,01500
700256,01500
700259,01500
700260,01500
700261,01500
700262,01500
700263,01500
700264,01500
700265,01500
700266,01500
700267,01500
700268,01500
700269,01500
700270,01500
700271,01500
700272,01500
700273,01500
700274,01500
700276,01500
700277,01500
700278,01500
700279,01500
700280,01500
700281,01500
700282,01500
700283,01500
700284,01500
700285,01500
700287,01500
700288,01500
700289,01500
700290,01500
700291,01500
700292,01500
700293,01500
700294,01500
700295,01500
700296,01500
700297,01500
700298,01500
700299,01500
700300,01500
700301,01500
700302,01500
700303,01500
700304,01500
700305,01500
700306,01500
700307,01500
700308,01500
700309,01500
700310,01500
700311,01500
700312,01500
700313,01500
700314,01500
700315,01500
700316,01500
700317,01500
700318,01500
700319,01500
700320,01500
700321,01500
700322,01500
700323,01500
700324,01500
700325,01500
700326,01500
700330,01500
700331,01500
700332,01500
700333,01500
700334,01500
700335,01500
700337,01500
700338,01500
700339,01500
700340,01500
700341,01500
700342,01500
700343,01500
700345,01500
700346,01500
700347,01500
700348,01500
700350,01500
700351,01500
700352,01500
700353,01500
700354,01500
700355,01500
700356,01500
700357,01500
700358,01500
700359,01500
700360,01500
700361,01500
700363,01500
700364,01500
700366,01500
700367,01500
700368,01500
700369,01500
700370,01500
700371,01500
700372,01500
700373,01500
700374,01500
700375,01500
700376,01500
700377,01500
700379,01500
700380,01500
700381,01500
700382,01500
700383,01500
700384,01500
700385,01500
700386,01500
700387,01500
800001,01500
800002,01500
800003,01500
800004,01500
800005,01500
800006,01500
800007,01500
800008,01500
800009,01500
800010,01500
800011,01500
800012,01500
800013,01500
800014,01500
800015,01500
800016,01500
800017,01500
800018,01500
800019,01500
800020,01500
800021,01500
800022,01500
800023,01500
800024,01500
800025,01500
800027,01500
800028,01500
800029,01500
800030,01500
800031,01500
800032,01500
800034,01500
800035,01500
800036,01500
800037,01500
800038,01500
800039,01500
800040,01500
800041,01500
800042,01500
800043,01500
800044,01500
800045,01500
800046,01500
800047,01500
800048,01500
800049,01500
800050,01500
800051,01500
800052,01500
800053,01500
800054,01500
800055,01500
800056,01500
800057,01500
800058,01500
800059,01500
800060,01500
800061,01500
800062,01500
800063,01500
800064,01500
800065,01500
800066,01500
800067,01500
800068,01500
800069,01500
800070,01500
800071,01500
800072,01500
800073,01500
800074,01500
800075,01500
800076,01500
800077,01500
800078,01500
800079,01500
800080,01500
800081,01500
800082,01500
800084,01500
800085,01500
800086,01500
800087,01500
800088,01500
800089,01500
800090,01500
800091,01500
800092,01500
800093,01500
800094,01500
800095,01500
800096,01500
800097,01500
800098,01500
800099,01500
800100,01500
800101,01500
800103,01500
800104,01500
800105,01500
800106,01500
800107,01500
800108,01500
800109,01500
800110,01500
800111,01500
800113,01500
800114,01500
800115,01500
800116,01500
800117,01500
800118,01500
800119,01500
800120,01500
800121,01500
800122,01500
800123,01500
800124,01500
800125,01500
800126,01500
800127,01500
800128,01500
800129,01500
800130,01500
800131,01500
800132,01500
800133,01500
800134,01500
800135,01500
800136,01500
800137,01500
800138,01500
800140,01500
800141,01500
800142,01500
800143,01500
800144,01500
800145,01500
800146,01500
800147,01500
800148,01500
800149,01500
800150,01500
800151,01500
800152,01500
800153,01500
800154,01500
800155,01500
800156,01500
800157,01500
800158,01500
800159,01500
800160,01500
800161,01500
800163,01500
800164,01500
800165,01500
800166,01500
800167,01500
800168,01500
800169,01500
800170,01500
800171,01500
800172,01500
800173,01500
800174,01500
800175,01500
800176,01500
800177,01500
800180,01500
800181,01500
800182,01500
800183,01500
800184,01500
800185,01500
800186,01500
800187,01500
800188,01500
800189,01500
800190,01500
800191,01500
800192,01500
800193,01500
800194,01500
800195,01500
800196,01500
800197,01500
800198,01500
800199,01500
800200,01500
800201,01500
800202,01500
800203,01500
800204,01500
800205,01500
800206,01500
800207,01500
800208,01500
800209,01500
800210,01500
