MAZ,households,HHSize1,HHSize2,HHSize3,HHSize4p,HHType1,HHType2,HHType3,HHType4,HHType5,maz,taz_seq,TAZ,PUMA,COUNTYFP,mtc_county_id,county_name
16261,0,0,0,0,0,0,0,0,0,0,3516,565,576,2201,75,1,San Francisco
15422,72,26,25,12,9,26,2,7,26,11,3071,76,76,2201,75,1,San Francisco
15311,125,44,44,22,15,45,4,12,45,19,3000,76,76,2201,75,1,San Francisco
14612,0,0,0,0,0,0,0,0,0,0,2627,76,76,2201,75,1,San Francisco
16318,91,32,32,16,11,32,3,9,33,14,3553,76,76,2201,75,1,San Francisco
10250,95,35,33,16,11,35,3,9,34,14,146,76,76,2201,75,1,San Francisco
14564,76,27,27,13,9,27,3,7,27,12,2605,76,76,2201,75,1,San Francisco
15190,67,15,20,13,19,33,3,7,15,9,2936,263,265,2201,75,1,San Francisco
14652,65,14,21,12,18,32,3,7,14,9,2654,263,265,2201,75,1,San Francisco
14058,127,46,44,22,15,46,4,12,46,19,2326,76,76,2201,75,1,San Francisco
14611,139,49,49,24,17,50,5,13,50,21,2626,76,76,2201,75,1,San Francisco
16315,86,29,30,14,13,34,3,7,29,13,3550,266,268,2201,75,1,San Francisco
16316,72,24,25,12,11,29,3,5,24,11,3551,266,268,2201,75,1,San Francisco
16200,50,17,18,8,7,20,2,4,17,7,3478,266,268,2201,75,1,San Francisco
15713,40,13,14,7,6,17,1,3,13,6,3231,266,268,2201,75,1,San Francisco
10249,33,11,12,5,5,13,1,3,11,5,145,266,268,2201,75,1,San Francisco
14190,28,9,10,5,4,12,1,2,9,4,2395,266,268,2201,75,1,San Francisco
15710,53,18,19,9,7,22,1,6,18,6,3230,265,267,2201,75,1,San Francisco
10247,56,19,20,10,7,24,1,6,19,6,143,265,267,2201,75,1,San Francisco
14226,57,19,21,10,7,25,1,6,19,6,2420,265,267,2201,75,1,San Francisco
16260,48,16,18,8,6,21,1,5,16,5,3515,265,267,2201,75,1,San Francisco
16317,78,26,27,13,12,31,3,6,26,12,3552,266,268,2201,75,1,San Francisco
14191,72,23,22,13,14,31,3,7,23,8,2396,538,548,2201,75,1,San Francisco
15714,73,24,26,12,11,29,3,6,24,11,3232,266,268,2201,75,1,San Francisco
16319,70,23,21,12,14,29,3,7,23,8,3554,538,548,2201,75,1,San Francisco
15011,71,22,22,13,14,30,3,7,23,8,2833,538,548,2201,75,1,San Francisco
16199,105,33,32,19,21,45,4,10,34,12,3477,538,548,2201,75,1,San Francisco
16198,59,19,18,10,12,26,2,6,19,6,3476,538,548,2201,75,1,San Francisco
16313,68,23,24,12,9,29,1,8,23,7,3549,265,267,2201,75,1,San Francisco
14562,74,24,25,12,13,30,3,7,25,9,2604,267,269,2201,75,1,San Francisco
16312,54,18,20,9,7,23,1,6,18,6,3548,265,267,2201,75,1,San Francisco
15557,105,36,37,18,14,44,2,12,36,11,3147,265,267,2201,75,1,San Francisco
11060,67,22,22,11,12,28,3,6,22,8,644,267,269,2201,75,1,San Francisco
10585,84,28,28,14,14,35,4,7,28,10,361,267,269,2201,75,1,San Francisco
15188,140,47,46,23,24,58,7,12,46,17,2935,267,269,2201,75,1,San Francisco
10248,70,24,23,11,12,30,3,6,23,8,144,267,269,2201,75,1,San Francisco
15192,60,13,18,12,17,30,3,6,13,8,2938,263,265,2201,75,1,San Francisco
15722,82,18,25,16,23,40,4,9,18,11,3237,263,265,2201,75,1,San Francisco
15013,73,16,23,14,20,36,3,8,16,10,2835,263,265,2201,75,1,San Francisco
15979,62,13,20,12,17,31,3,7,13,8,3377,263,265,2201,75,1,San Francisco
10252,60,13,18,12,17,30,3,6,13,8,148,263,265,2201,75,1,San Francisco
15194,91,30,29,16,16,40,4,7,29,11,2939,536,546,2201,75,1,San Francisco
15195,89,28,29,16,16,38,4,7,29,11,2940,536,546,2201,75,1,San Francisco
15983,66,21,21,12,12,29,3,5,21,8,3380,536,546,2201,75,1,San Francisco
16201,82,27,25,14,16,36,3,8,26,9,3479,538,548,2201,75,1,San Francisco
15191,72,23,22,13,14,31,3,7,23,8,2937,538,548,2201,75,1,San Francisco
15559,59,19,18,10,12,26,2,6,19,6,3148,538,548,2201,75,1,San Francisco
15716,75,25,25,11,14,32,3,8,25,7,3234,264,266,2201,75,1,San Francisco
15721,104,34,35,15,20,46,4,11,34,9,3236,264,266,2201,75,1,San Francisco
15012,39,13,13,6,7,17,2,4,13,3,2834,264,266,2201,75,1,San Francisco
16321,71,24,24,10,13,30,3,8,24,6,3556,264,266,2201,75,1,San Francisco
14436,96,31,32,16,17,39,5,9,32,11,2537,267,269,2201,75,1,San Francisco
15976,96,27,30,14,25,45,4,11,27,9,3376,259,261,2201,75,1,San Francisco
14189,66,22,22,11,11,27,3,6,22,8,2394,267,269,2201,75,1,San Francisco
16320,74,20,24,11,19,35,3,9,20,7,3555,259,261,2201,75,1,San Francisco
10586,86,24,27,13,22,40,4,10,24,8,362,259,261,2201,75,1,San Francisco
10251,86,24,27,13,22,40,4,10,24,8,147,259,261,2201,75,1,San Francisco
15715,55,15,18,8,14,26,2,7,15,5,3233,259,261,2201,75,1,San Francisco
15717,73,20,23,11,19,34,3,9,20,7,3235,259,261,2201,75,1,San Francisco
15723,71,24,24,10,13,30,3,8,24,6,3238,264,266,2201,75,1,San Francisco
10253,57,19,18,10,10,26,2,4,18,7,149,536,546,2201,75,1,San Francisco
14653,66,22,22,10,12,28,3,7,22,6,2655,264,266,2201,75,1,San Francisco
16323,46,11,16,8,11,20,2,6,11,7,3557,537,547,2201,75,1,San Francisco
16324,99,32,32,18,17,44,4,7,32,12,3558,536,546,2201,75,1,San Francisco
15196,62,20,20,11,11,26,3,5,20,8,2941,536,546,2201,75,1,San Francisco
16203,42,12,13,7,10,19,2,4,12,5,3480,75,75,2201,75,1,San Francisco
16325,88,26,27,15,20,37,5,9,26,11,3559,75,75,2201,75,1,San Francisco
10587,117,28,40,21,28,51,5,15,28,18,363,537,547,2201,75,1,San Francisco
11002,20,7,6,3,4,7,1,2,7,3,618,535,545,2201,75,1,San Francisco
14505,112,27,39,20,26,49,5,14,27,17,2576,537,547,2201,75,1,San Francisco
12509,106,25,37,19,25,47,4,14,25,16,1488,537,547,2201,75,1,San Francisco
17090,142,52,44,19,27,53,5,14,52,18,3989,535,545,2201,75,1,San Francisco
11686,133,49,41,18,25,49,5,13,49,17,1025,535,545,2201,75,1,San Francisco
17096,62,19,21,10,12,27,2,7,19,7,3994,533,543,2201,75,1,San Francisco
10886,53,16,18,9,10,24,1,6,16,6,536,533,543,2201,75,1,San Francisco
12136,79,24,27,13,15,36,2,8,24,9,1272,533,543,2201,75,1,San Francisco
10212,96,30,32,16,18,43,2,10,30,11,119,533,543,2201,75,1,San Francisco
10476,0,0,0,0,0,0,0,0,0,0,298,565,576,2201,75,1,San Francisco
16557,102,32,34,17,19,44,3,11,32,12,3687,533,543,2201,75,1,San Francisco
16558,82,25,29,13,15,37,2,9,25,9,3688,533,543,2201,75,1,San Francisco
17094,67,20,21,11,15,28,4,7,20,8,3992,75,75,2201,75,1,San Francisco
17095,72,21,22,12,17,31,4,7,21,9,3993,75,75,2201,75,1,San Francisco
11687,81,24,24,14,19,35,4,8,24,10,1026,75,75,2201,75,1,San Francisco
10884,123,36,38,21,28,53,7,12,36,15,534,75,75,2201,75,1,San Francisco
17097,67,20,22,11,14,31,3,6,20,7,3995,534,544,2201,75,1,San Francisco
15613,83,25,28,13,17,37,4,8,25,9,3177,534,544,2201,75,1,San Francisco
16393,130,39,44,20,27,60,5,12,39,14,3604,534,544,2201,75,1,San Francisco
11004,82,20,28,15,19,36,3,10,20,13,619,537,547,2201,75,1,San Francisco
12086,100,24,34,18,24,44,4,13,24,15,1243,537,547,2201,75,1,San Francisco
10210,175,64,54,24,33,65,6,17,64,23,117,535,545,2201,75,1,San Francisco
10211,94,28,31,15,20,43,4,9,28,10,118,534,544,2201,75,1,San Francisco
12135,7,3,2,1,1,3,0,1,2,1,1271,534,544,2201,75,1,San Francisco
17091,80,28,27,13,12,31,4,8,27,10,3990,222,224,2201,75,1,San Francisco
17092,158,53,53,27,25,61,7,16,54,20,3991,222,224,2201,75,1,San Francisco
12561,51,15,17,8,11,23,2,5,15,6,1526,534,544,2201,75,1,San Francisco
12562,68,20,23,11,14,31,3,7,20,7,1527,534,544,2201,75,1,San Francisco
12137,82,24,28,13,17,38,3,8,24,9,1273,534,544,2201,75,1,San Francisco
16563,90,29,30,16,15,35,2,10,30,13,3693,262,264,2201,75,1,San Francisco
16562,81,21,24,16,20,39,4,10,21,7,3692,327,333,2201,75,1,San Francisco
16564,52,17,17,9,9,20,1,6,17,8,3694,262,264,2201,75,1,San Francisco
10213,59,15,17,12,15,29,3,7,15,5,120,327,333,2201,75,1,San Francisco
16559,80,22,27,15,16,31,4,10,22,13,3689,261,263,2201,75,1,San Francisco
12139,73,20,25,14,14,28,4,9,20,12,1275,261,263,2201,75,1,San Francisco
14508,105,31,35,17,22,49,4,10,31,11,2577,534,544,2201,75,1,San Francisco
12134,131,43,43,24,21,48,4,13,44,22,1270,242,244,2201,75,1,San Francisco
10885,0,0,0,0,0,0,0,0,0,0,535,242,244,2201,75,1,San Francisco
12563,114,38,40,19,17,43,3,13,38,17,1528,203,205,2201,75,1,San Francisco
12720,94,31,33,16,14,35,3,11,31,14,1607,203,205,2201,75,1,San Francisco
12138,120,40,39,22,19,44,4,12,40,20,1274,242,244,2201,75,1,San Francisco
15615,126,42,41,23,20,47,4,12,42,21,3179,242,244,2201,75,1,San Francisco
15829,62,25,20,10,7,26,4,3,25,4,3286,77,77,2201,75,1,San Francisco
14825,50,17,17,8,8,20,2,5,17,6,2737,222,224,2201,75,1,San Francisco
15610,122,41,41,21,19,47,6,13,41,15,3175,222,224,2201,75,1,San Francisco
13782,117,27,39,18,33,74,3,7,27,6,2175,74,74,2201,75,1,San Francisco
13614,150,34,51,23,42,96,4,8,34,8,2084,74,74,2201,75,1,San Francisco
15611,67,23,23,11,10,26,3,7,23,8,3176,222,224,2201,75,1,San Francisco
15614,88,29,30,15,14,34,4,9,30,11,3178,222,224,2201,75,1,San Francisco
14827,77,19,30,10,18,44,1,7,19,6,2738,245,247,2201,75,1,San Francisco
17098,117,40,39,20,18,45,5,12,40,15,3996,222,224,2201,75,1,San Francisco
13786,109,37,37,18,17,42,5,11,37,14,2178,222,224,2201,75,1,San Francisco
14048,129,32,49,18,30,74,2,11,32,10,2320,245,247,2201,75,1,San Francisco
13783,35,9,13,5,8,19,1,3,9,3,2176,245,247,2201,75,1,San Francisco
14773,99,25,38,13,23,56,2,8,25,8,2712,245,247,2201,75,1,San Francisco
17015,80,26,26,14,14,31,2,9,26,12,3950,262,264,2201,75,1,San Francisco
10214,83,22,23,17,21,40,4,10,22,7,121,327,333,2201,75,1,San Francisco
10215,196,65,64,34,33,76,5,22,64,29,122,262,264,2201,75,1,San Francisco
12141,76,20,22,15,19,37,3,9,20,7,1277,327,333,2201,75,1,San Francisco
16560,98,27,34,18,19,38,5,12,27,16,3690,261,263,2201,75,1,San Francisco
16561,107,29,37,20,21,43,5,13,29,17,3691,261,263,2201,75,1,San Francisco
17016,105,35,34,18,18,40,3,12,34,16,3951,262,264,2201,75,1,San Francisco
16842,63,16,18,13,16,30,3,8,16,6,3865,327,333,2201,75,1,San Francisco
16840,96,26,33,18,19,37,5,12,26,16,3864,261,263,2201,75,1,San Francisco
17099,74,19,21,15,19,36,3,9,19,7,3997,327,333,2201,75,1,San Francisco
12564,82,22,29,15,16,33,4,10,22,13,1529,261,263,2201,75,1,San Francisco
14510,90,30,32,15,13,34,2,10,30,14,2578,203,205,2201,75,1,San Francisco
12140,151,50,54,25,22,57,4,17,50,23,1276,203,205,2201,75,1,San Francisco
16395,146,48,48,27,23,53,5,14,49,25,3605,242,244,2201,75,1,San Francisco
16022,143,48,47,26,22,52,5,14,48,24,3395,242,244,2201,75,1,San Francisco
14438,113,37,40,19,17,43,3,13,37,17,2538,203,205,2201,75,1,San Francisco
14439,112,37,39,19,17,42,3,13,37,17,2539,203,205,2201,75,1,San Francisco
10887,125,41,41,23,20,46,4,12,42,21,537,242,244,2201,75,1,San Francisco
16397,55,19,19,9,8,22,2,5,19,7,3606,528,538,2201,75,1,San Francisco
11523,81,26,27,14,14,31,2,9,27,12,933,262,264,2201,75,1,San Francisco
10466,62,20,19,10,13,28,1,6,19,8,290,258,260,2201,75,1,San Francisco
12207,71,22,22,12,15,32,2,6,22,9,1319,258,260,2201,75,1,San Francisco
12202,101,33,34,16,18,38,4,11,33,15,1315,260,262,2201,75,1,San Francisco
12208,73,23,22,12,16,31,2,7,23,10,1320,258,260,2201,75,1,San Francisco
12203,101,33,34,16,18,38,4,11,33,15,1316,260,262,2201,75,1,San Francisco
12209,115,36,35,19,25,52,2,10,36,15,1321,258,260,2201,75,1,San Francisco
11524,121,38,37,20,26,53,3,11,38,16,934,258,260,2201,75,1,San Francisco
10524,72,23,22,12,15,32,2,6,23,9,327,258,260,2201,75,1,San Francisco
11847,137,44,47,22,24,52,6,14,44,21,1103,260,262,2201,75,1,San Francisco
13906,118,38,40,19,21,45,5,12,38,18,2255,260,262,2201,75,1,San Francisco
11200,145,52,50,23,20,53,7,14,51,20,742,528,538,2201,75,1,San Francisco
17286,108,39,37,17,15,40,5,10,38,15,4095,528,538,2201,75,1,San Francisco
11522,110,36,38,17,19,40,5,12,36,17,932,260,262,2201,75,1,San Francisco
11006,92,30,31,15,16,34,4,10,30,14,621,260,262,2201,75,1,San Francisco
16263,83,22,27,14,20,39,3,9,22,10,3518,255,257,2201,75,1,San Francisco
10523,132,41,48,22,21,54,6,10,41,21,326,254,256,2201,75,1,San Francisco
12201,123,43,43,20,17,44,6,12,44,17,1314,528,538,2201,75,1,San Francisco
11901,108,39,37,17,15,40,5,10,38,15,1132,528,538,2201,75,1,San Francisco
12210,134,45,44,25,20,55,4,11,45,19,1322,257,259,2201,75,1,San Francisco
10526,105,35,35,19,16,44,3,8,35,15,329,257,259,2201,75,1,San Francisco
10525,80,23,25,15,17,36,2,7,23,12,328,256,258,2201,75,1,San Francisco
16328,81,24,25,15,17,34,2,8,24,13,3562,256,258,2201,75,1,San Francisco
11907,103,34,34,19,16,43,3,8,34,15,1135,257,259,2201,75,1,San Francisco
11908,94,32,31,17,14,40,3,7,31,13,1136,257,259,2201,75,1,San Francisco
10472,33,10,10,6,7,14,1,3,10,5,295,256,258,2201,75,1,San Francisco
16332,80,23,25,15,17,36,2,7,23,12,3565,256,258,2201,75,1,San Francisco
12205,86,23,27,15,21,39,3,10,23,11,1318,255,257,2201,75,1,San Francisco
11062,64,20,23,11,10,26,3,5,20,10,645,254,256,2201,75,1,San Francisco
12204,84,27,29,15,13,29,3,8,27,17,1317,530,540,2201,75,1,San Francisco
11005,81,25,29,14,13,33,4,6,25,13,620,254,256,2201,75,1,San Francisco
11902,65,21,22,12,10,23,2,6,21,13,1133,530,540,2201,75,1,San Francisco
10469,74,19,24,13,18,35,3,8,19,9,293,255,257,2201,75,1,San Francisco
10470,89,23,30,15,21,42,3,10,23,11,294,255,257,2201,75,1,San Francisco
11903,61,19,22,10,10,24,3,5,19,10,1134,254,256,2201,75,1,San Francisco
10467,50,16,17,9,8,17,2,5,16,10,291,530,540,2201,75,1,San Francisco
10474,100,34,33,18,15,42,3,8,33,14,297,257,259,2201,75,1,San Francisco
11527,96,31,32,18,15,39,3,8,32,14,936,257,259,2201,75,1,San Francisco
16268,87,25,28,16,18,39,2,8,25,13,3521,256,258,2201,75,1,San Francisco
10473,59,17,19,11,12,27,1,5,17,9,296,256,258,2201,75,1,San Francisco
16270,43,13,15,7,8,19,2,4,13,5,3523,251,253,2201,75,1,San Francisco
10529,74,22,27,12,13,34,3,7,22,8,332,251,253,2201,75,1,San Francisco
16329,75,20,24,13,18,34,3,9,20,9,3563,255,257,2201,75,1,San Francisco
11525,111,29,36,19,27,51,4,13,29,14,935,255,257,2201,75,1,San Francisco
10468,112,35,40,19,18,45,5,9,35,18,292,254,256,2201,75,1,San Francisco
13908,153,48,55,26,24,61,7,12,48,25,2256,254,256,2201,75,1,San Francisco
16331,78,25,25,13,15,28,4,7,25,14,3564,249,251,2201,75,1,San Francisco
11063,88,28,28,15,17,32,4,8,28,16,646,249,251,2201,75,1,San Francisco
10769,34,23,11,0,0,1,0,0,23,10,464,632,649,2201,75,1,San Francisco
15142,119,36,43,19,21,54,5,11,36,13,2904,251,253,2201,75,1,San Francisco
15508,67,20,24,11,12,31,3,6,20,7,3124,251,253,2201,75,1,San Francisco
10761,51,12,15,11,13,25,2,5,12,7,456,252,254,2201,75,1,San Francisco
16088,94,22,29,20,23,45,4,10,22,13,3423,252,254,2201,75,1,San Francisco
16925,92,27,34,15,16,44,3,8,27,10,3904,251,253,2201,75,1,San Francisco
16607,118,39,43,19,17,37,4,10,40,27,3717,253,255,2201,75,1,San Francisco
15143,112,26,35,24,27,55,5,11,26,15,2905,252,254,2201,75,1,San Francisco
17143,134,45,48,22,19,42,4,12,45,31,4025,253,255,2201,75,1,San Francisco
10528,64,15,20,13,16,31,3,6,15,9,331,252,254,2201,75,1,San Francisco
14667,53,12,17,11,13,27,2,5,12,7,2666,252,254,2201,75,1,San Francisco
11008,151,48,50,25,28,54,7,14,48,28,622,249,251,2201,75,1,San Francisco
14893,117,37,38,20,22,43,5,11,37,21,2782,249,251,2201,75,1,San Francisco
10705,50,12,16,10,12,24,2,5,12,7,425,252,254,2201,75,1,San Francisco
16924,88,28,29,16,15,32,3,7,28,18,3903,250,252,2201,75,1,San Francisco
15026,76,24,25,13,14,28,3,7,24,14,2842,249,251,2201,75,1,San Francisco
13187,151,48,50,27,26,56,5,12,48,30,1882,250,252,2201,75,1,San Francisco
15145,94,31,35,15,13,29,3,8,32,22,2906,253,255,2201,75,1,San Francisco
17147,157,52,58,25,22,49,5,14,53,36,4029,253,255,2201,75,1,San Francisco
16608,111,37,40,18,16,35,4,10,36,26,3718,253,255,2201,75,1,San Francisco
11190,77,26,28,12,11,24,3,7,25,18,735,253,255,2201,75,1,San Francisco
16093,143,39,47,26,31,56,6,13,39,29,3427,246,248,2201,75,1,San Francisco
10766,51,14,17,9,11,19,2,5,14,11,461,246,248,2201,75,1,San Francisco
15918,99,27,33,18,21,39,4,9,27,20,3340,246,248,2201,75,1,San Francisco
15916,106,29,34,20,23,41,4,10,29,22,3338,246,248,2201,75,1,San Francisco
10335,116,37,39,20,20,43,4,9,37,23,208,250,252,2201,75,1,San Francisco
15507,122,38,42,21,21,46,4,10,38,24,3123,250,252,2201,75,1,San Francisco
10837,130,41,44,23,22,48,4,11,41,26,499,250,252,2201,75,1,San Francisco
10838,108,34,37,19,18,40,3,9,34,22,500,250,252,2201,75,1,San Francisco
10764,134,55,35,20,24,39,5,9,55,26,459,247,249,2201,75,1,San Francisco
17371,120,49,31,18,22,35,4,8,50,23,4138,247,249,2201,75,1,San Francisco
11065,74,30,19,11,14,22,3,5,30,14,648,247,249,2201,75,1,San Francisco
11191,112,47,29,16,20,33,4,8,45,22,736,247,249,2201,75,1,San Francisco
16610,35,9,13,6,7,15,1,3,9,7,3720,246,248,2201,75,1,San Francisco
16091,114,31,38,21,24,44,5,10,31,24,3425,246,248,2201,75,1,San Francisco
15917,92,32,31,13,16,31,3,6,32,20,3339,248,250,2201,75,1,San Francisco
10767,53,19,18,7,9,18,2,4,18,11,462,248,250,2201,75,1,San Francisco
10768,117,41,40,16,20,40,4,8,40,25,463,248,250,2201,75,1,San Francisco
17146,140,48,48,20,24,49,4,9,48,30,4028,248,250,2201,75,1,San Francisco
15915,108,44,28,16,20,32,4,8,43,21,3337,247,249,2201,75,1,San Francisco
17145,115,40,39,16,20,39,3,8,40,25,4027,248,250,2201,75,1,San Francisco
14962,93,38,24,14,17,27,3,7,38,18,2811,247,249,2201,75,1,San Francisco
12515,88,31,30,12,15,30,3,6,30,19,1490,248,250,2201,75,1,San Francisco
16092,168,58,57,24,29,57,5,11,59,36,3426,248,250,2201,75,1,San Francisco
17157,72,23,28,11,10,27,2,4,23,16,4037,471,481,2201,75,1,San Francisco
10030,188,65,64,26,33,64,6,13,64,41,17,248,250,2201,75,1,San Francisco
16340,170,60,61,26,23,39,5,10,60,56,3569,473,483,2201,75,1,San Francisco
17148,113,40,40,17,16,26,4,6,40,37,4030,473,483,2201,75,1,San Francisco
15156,125,40,49,19,17,46,3,8,40,28,2913,471,481,2201,75,1,San Francisco
16341,100,35,36,15,14,23,3,6,35,33,3570,473,483,2201,75,1,San Francisco
11915,52,18,19,8,7,12,2,3,18,17,1141,473,483,2201,75,1,San Francisco
16383,66,23,24,10,9,15,2,4,23,22,3596,473,483,2201,75,1,San Francisco
11966,57,20,20,9,8,13,2,3,20,19,1178,473,483,2201,75,1,San Francisco
10957,32,14,10,4,4,7,1,1,13,10,587,474,484,2201,75,1,San Francisco
10765,52,17,20,8,7,19,1,3,17,12,460,471,481,2201,75,1,San Francisco
14895,81,26,32,12,11,30,2,5,26,18,2783,471,481,2201,75,1,San Francisco
11629,49,16,19,7,7,18,1,3,16,11,988,471,481,2201,75,1,San Francisco
15154,39,13,14,7,5,13,1,3,14,8,2912,472,482,2201,75,1,San Francisco
11628,42,14,15,8,5,14,1,3,15,9,987,472,482,2201,75,1,San Francisco
11064,100,34,35,19,12,35,2,7,35,21,647,472,482,2201,75,1,San Francisco
11630,46,16,16,9,5,17,1,3,16,9,989,472,482,2201,75,1,San Francisco
10835,68,23,24,13,8,24,2,4,24,14,498,472,482,2201,75,1,San Francisco
14951,112,35,41,19,17,45,3,13,35,16,2805,243,245,2201,75,1,San Francisco
14952,126,40,46,21,19,51,3,14,40,18,2806,243,245,2201,75,1,San Francisco
16249,140,44,51,24,21,56,4,16,44,20,3509,243,245,2201,75,1,San Francisco
14128,163,51,60,28,24,67,4,18,51,23,2363,243,245,2201,75,1,San Francisco
16250,155,49,57,26,23,62,4,18,49,22,3510,243,245,2201,75,1,San Francisco
14605,105,37,36,17,15,39,5,10,37,14,2624,528,538,2201,75,1,San Francisco
14049,74,23,28,12,11,31,2,8,23,10,2321,243,245,2201,75,1,San Francisco
16256,123,42,41,22,18,50,6,9,42,16,3511,529,539,2201,75,1,San Francisco
13785,77,19,30,10,18,44,1,7,19,6,2177,245,247,2201,75,1,San Francisco
14950,31,8,12,4,7,18,0,3,8,2,2804,245,247,2201,75,1,San Francisco
14606,65,24,22,10,9,24,3,6,23,9,2625,528,538,2201,75,1,San Francisco
16257,120,41,40,21,18,48,6,9,41,16,3512,529,539,2201,75,1,San Francisco
15305,94,32,31,17,14,38,5,7,32,12,2996,529,539,2201,75,1,San Francisco
14053,120,41,40,21,18,48,6,9,41,16,2322,529,539,2201,75,1,San Francisco
14957,137,48,45,24,20,55,7,10,47,18,2807,529,539,2201,75,1,San Francisco
15307,103,36,34,18,15,43,5,7,35,13,2997,529,539,2201,75,1,San Francisco
14054,108,37,36,19,16,44,5,8,37,14,2323,529,539,2201,75,1,San Francisco
16258,165,58,54,29,24,66,8,12,57,22,3513,529,539,2201,75,1,San Francisco
14830,29,7,9,5,8,18,1,2,7,1,2739,244,246,2201,75,1,San Francisco
15304,54,13,17,9,15,35,1,3,13,2,2995,244,246,2201,75,1,San Francisco
10380,474,75,119,121,159,190,18,34,75,157,233,284,286,2201,75,1,San Francisco
14958,96,30,32,15,19,40,3,10,30,13,2808,532,542,2201,75,1,San Francisco
15309,110,34,37,18,21,47,3,11,34,15,2998,532,542,2201,75,1,San Francisco
16259,114,36,40,15,23,52,3,11,36,12,3514,531,541,2201,75,1,San Francisco
13715,93,29,33,12,19,43,2,9,29,10,2144,531,541,2201,75,1,San Francisco
14782,125,39,42,20,24,53,3,13,39,17,2716,532,542,2201,75,1,San Francisco
16265,134,43,47,24,20,47,4,13,43,27,3519,530,540,2201,75,1,San Francisco
13718,107,33,36,17,21,45,3,11,33,15,2146,532,542,2201,75,1,San Francisco
14780,102,32,36,13,21,47,2,10,32,11,2714,531,541,2201,75,1,San Francisco
13717,74,23,26,10,15,34,2,7,23,8,2145,531,541,2201,75,1,San Francisco
13714,54,13,17,9,15,35,1,3,13,2,2143,244,246,2201,75,1,San Francisco
14781,19,5,6,3,5,11,1,1,5,1,2715,244,246,2201,75,1,San Francisco
12211,94,30,33,17,14,33,3,9,30,19,1323,530,540,2201,75,1,San Francisco
14056,80,25,27,13,15,34,2,8,25,11,2324,532,542,2201,75,1,San Francisco
14783,83,26,29,11,17,38,2,8,26,9,2717,531,541,2201,75,1,San Francisco
12212,71,24,22,12,13,24,2,7,24,14,1324,220,222,2201,75,1,San Francisco
15310,81,29,27,12,13,28,3,7,29,14,2999,219,221,2201,75,1,San Francisco
15246,146,54,49,20,23,58,2,9,55,22,2963,218,220,2201,75,1,San Francisco
14961,123,46,41,17,19,49,2,8,46,18,2810,218,220,2201,75,1,San Francisco
13719,63,15,19,11,18,41,2,3,15,2,2147,244,246,2201,75,1,San Francisco
11280,21,8,7,3,3,9,0,1,8,3,788,218,220,2201,75,1,San Francisco
11419,54,9,14,14,17,21,2,4,9,18,868,284,286,2201,75,1,San Francisco
10527,135,45,43,22,25,45,5,13,45,27,330,220,222,2201,75,1,San Francisco
10266,109,37,34,18,20,36,4,10,38,21,161,220,222,2201,75,1,San Francisco
16267,170,60,57,25,28,59,6,15,60,30,3520,219,221,2201,75,1,San Francisco
14634,87,33,29,12,13,35,1,5,33,13,2642,218,220,2201,75,1,San Francisco
15456,82,30,27,12,13,29,3,7,29,14,3089,219,221,2201,75,1,San Francisco
14709,113,42,38,15,18,45,2,7,42,17,2688,218,220,2201,75,1,San Francisco
15992,65,22,20,11,12,22,2,6,22,13,3385,220,222,2201,75,1,San Francisco
15212,26,9,8,4,5,9,1,2,9,5,2948,220,222,2201,75,1,San Francisco
10413,121,43,40,18,20,42,4,10,44,21,250,219,221,2201,75,1,San Francisco
15687,100,36,33,15,16,35,3,9,35,18,3220,219,221,2201,75,1,San Francisco
14710,76,29,25,10,12,30,1,5,29,11,2689,218,220,2201,75,1,San Francisco
15735,99,38,33,13,15,39,2,6,37,15,3243,218,220,2201,75,1,San Francisco
15158,63,22,22,9,10,23,3,5,22,10,2914,221,223,2201,75,1,San Francisco
10706,100,34,36,14,16,38,4,8,34,16,426,221,223,2201,75,1,San Francisco
15213,15,6,5,2,2,6,1,1,5,2,2949,221,223,2201,75,1,San Francisco
10414,120,41,43,17,19,46,5,9,41,19,251,221,223,2201,75,1,San Francisco
15737,104,36,37,15,16,39,4,8,36,17,3245,221,223,2201,75,1,San Francisco
10334,119,40,42,19,18,35,5,9,41,29,207,214,216,2201,75,1,San Francisco
16609,99,33,35,16,15,29,4,8,34,24,3719,214,216,2201,75,1,San Francisco
16181,94,32,33,15,14,28,4,7,32,23,3471,214,216,2201,75,1,San Francisco
10762,132,45,50,18,19,50,5,9,45,23,457,215,217,2201,75,1,San Francisco
14635,128,44,46,18,20,48,5,10,44,21,2643,221,223,2201,75,1,San Francisco
16748,85,29,31,12,13,32,3,7,29,14,3810,221,223,2201,75,1,San Francisco
15736,112,38,41,16,17,43,4,9,38,18,3244,221,223,2201,75,1,San Francisco
16749,85,29,33,11,12,32,3,6,29,15,3811,215,217,2201,75,1,San Francisco
14392,87,29,33,12,13,34,3,6,29,15,2518,215,217,2201,75,1,San Francisco
16750,60,20,23,8,9,24,2,4,20,10,3812,215,217,2201,75,1,San Francisco
13142,71,25,23,12,11,33,1,4,25,8,1855,216,218,2201,75,1,San Francisco
11569,172,27,43,44,58,69,7,12,27,57,950,284,286,2201,75,1,San Francisco
17144,89,30,31,14,14,26,4,7,30,22,4026,214,216,2201,75,1,San Francisco
10763,118,40,41,19,18,35,5,9,40,29,458,214,216,2201,75,1,San Francisco
16089,147,61,51,18,17,42,5,8,60,32,3424,217,219,2201,75,1,San Francisco
16183,155,64,54,19,18,44,5,9,64,33,3472,217,219,2201,75,1,San Francisco
11192,98,33,34,16,15,29,4,8,33,24,737,214,216,2201,75,1,San Francisco
16052,102,37,34,15,16,42,3,6,37,14,3407,467,477,2201,75,1,San Francisco
15632,226,92,79,28,27,65,7,12,93,49,3185,217,219,2201,75,1,San Francisco
15633,171,63,58,24,26,71,4,10,62,24,3186,467,477,2201,75,1,San Francisco
11746,78,28,25,13,12,37,1,4,27,9,1050,216,218,2201,75,1,San Francisco
15125,82,28,27,14,13,39,1,4,29,9,2893,216,218,2201,75,1,San Francisco
15124,50,18,16,8,8,22,1,3,18,6,2892,216,218,2201,75,1,San Francisco
16129,73,25,24,12,12,34,1,4,26,8,3445,216,218,2201,75,1,San Francisco
15126,65,25,23,6,11,28,1,2,25,9,2894,428,437,2201,75,1,San Francisco
11747,57,22,21,5,9,24,1,2,22,8,1051,428,437,2201,75,1,San Francisco
10359,73,18,24,14,17,45,1,3,18,6,223,432,441,2201,75,1,San Francisco
12223,84,31,28,12,13,34,2,5,31,12,1332,467,477,2201,75,1,San Francisco
16627,59,22,20,8,9,25,2,3,21,8,3732,467,477,2201,75,1,San Francisco
11666,77,28,26,11,12,31,2,5,28,11,1009,467,477,2201,75,1,San Francisco
12103,60,22,20,9,9,24,2,4,22,8,1253,467,477,2201,75,1,San Francisco
16628,70,25,24,10,11,29,2,4,25,10,3733,467,477,2201,75,1,San Francisco
15569,75,27,25,11,12,32,2,4,27,10,3150,467,477,2201,75,1,San Francisco
12104,119,53,42,9,15,44,1,4,54,16,1254,465,475,2201,75,1,San Francisco
11216,94,36,34,8,16,39,2,4,36,13,753,428,437,2201,75,1,San Francisco
16572,76,29,27,7,13,33,1,3,29,10,3697,428,437,2201,75,1,San Francisco
16050,29,11,10,3,5,12,1,1,11,4,3405,428,437,2201,75,1,San Francisco
14851,0,0,0,0,0,0,0,0,0,0,2754,428,437,2201,75,1,San Francisco
10791,38,21,11,3,3,11,0,1,21,5,478,433,442,2201,75,1,San Francisco
16051,82,21,26,16,19,50,1,3,21,7,3406,432,441,2201,75,1,San Francisco
16053,71,18,22,14,17,43,1,3,18,6,3408,432,441,2201,75,1,San Francisco
11917,165,70,65,17,13,43,2,5,69,46,1143,513,523,2201,75,1,San Francisco
12222,142,60,56,15,11,37,2,5,58,40,1331,513,523,2201,75,1,San Francisco
14371,122,43,49,18,12,29,3,6,43,41,2510,514,524,2201,75,1,San Francisco
16348,119,42,48,18,11,29,3,5,42,40,3572,514,524,2201,75,1,San Francisco
13189,0,0,0,0,0,0,0,0,0,0,1883,632,649,2201,75,1,San Francisco
10958,49,21,19,5,4,13,1,2,19,14,588,513,523,2201,75,1,San Francisco
10899,64,27,20,9,8,14,1,2,28,19,548,474,484,2201,75,1,San Francisco
10900,54,23,21,6,4,14,1,2,22,15,549,513,523,2201,75,1,San Francisco
10901,75,31,30,8,6,19,1,2,32,21,550,513,523,2201,75,1,San Francisco
16739,66,23,27,10,6,16,2,3,23,22,3801,514,524,2201,75,1,San Francisco
11969,105,37,43,15,10,25,3,5,37,35,1180,514,524,2201,75,1,San Francisco
15932,40,14,14,7,5,14,1,3,14,8,3348,472,482,2201,75,1,San Francisco
11916,96,29,36,18,13,29,4,5,29,29,1142,633,650,2201,75,1,San Francisco
13186,56,17,22,10,7,17,2,3,17,17,1881,498,508,2201,75,1,San Francisco
12514,78,24,29,15,10,23,3,4,24,24,1489,498,508,2201,75,1,San Francisco
10959,70,21,27,13,9,21,3,4,21,21,589,633,650,2201,75,1,San Francisco
13185,84,26,31,16,11,25,3,5,26,25,1880,498,508,2201,75,1,San Francisco
10834,86,26,33,16,11,26,3,5,26,26,497,498,508,2201,75,1,San Francisco
14372,117,42,47,17,11,28,3,5,42,39,2511,514,524,2201,75,1,San Francisco
12668,110,39,44,16,11,27,3,5,38,37,1581,514,524,2201,75,1,San Francisco
12221,333,142,102,47,42,71,7,12,143,100,1330,474,484,2201,75,1,San Francisco
14832,0,0,0,0,0,0,0,0,0,0,2740,515,525,2201,75,1,San Francisco
14374,95,35,35,16,9,22,2,6,34,31,2512,515,525,2201,75,1,San Francisco
12670,107,39,40,18,10,25,2,7,38,35,1582,515,525,2201,75,1,San Francisco
10961,93,31,35,14,13,22,2,5,31,33,590,499,509,2201,75,1,San Francisco
12665,68,21,25,13,9,20,2,4,21,21,1580,633,650,2201,75,1,San Francisco
16346,58,25,20,7,6,18,1,2,25,12,3571,500,510,2201,75,1,San Francisco
12517,0,0,0,0,0,0,0,0,0,0,1492,500,510,2201,75,1,San Francisco
14200,0,0,0,0,0,0,0,0,0,0,2401,632,649,2201,75,1,San Francisco
14925,11,4,4,2,1,2,0,1,4,4,2790,511,521,2201,75,1,San Francisco
10962,109,40,41,18,10,25,2,7,39,36,591,515,525,2201,75,1,San Francisco
16740,100,36,38,17,9,23,2,6,36,33,3802,515,525,2201,75,1,San Francisco
16349,123,45,46,20,12,28,2,8,45,40,3573,515,525,2201,75,1,San Francisco
11920,156,52,60,23,21,37,4,9,52,54,1144,499,509,2201,75,1,San Francisco
14799,127,49,42,19,17,28,4,11,48,36,2726,516,526,2201,75,1,San Francisco
14753,127,42,49,19,17,30,3,7,42,45,2704,499,509,2201,75,1,San Francisco
14754,85,33,28,13,11,18,2,7,34,24,2705,516,526,2201,75,1,San Francisco
16412,98,38,32,15,13,21,3,8,38,28,3613,516,526,2201,75,1,San Francisco
12523,194,75,64,29,26,42,6,17,74,55,1496,516,526,2201,75,1,San Francisco
14133,88,34,29,13,12,19,3,8,33,25,2366,516,526,2201,75,1,San Francisco
14132,94,36,31,14,13,20,3,8,36,27,2365,516,526,2201,75,1,San Francisco
12522,109,36,42,16,15,26,3,6,36,38,1495,499,509,2201,75,1,San Francisco
10902,92,41,31,10,10,28,2,4,39,19,551,500,510,2201,75,1,San Francisco
14924,96,32,37,14,13,23,2,5,32,34,2789,499,509,2201,75,1,San Francisco
16411,97,32,38,14,13,23,2,5,32,35,3612,499,509,2201,75,1,San Francisco
16408,43,18,15,5,5,13,1,2,18,9,3609,500,510,2201,75,1,San Francisco
16409,49,21,17,6,5,15,1,2,21,10,3610,500,510,2201,75,1,San Francisco
16410,102,34,39,15,14,24,3,6,34,35,3611,499,509,2201,75,1,San Francisco
14131,94,31,36,14,13,22,2,5,31,34,2364,499,509,2201,75,1,San Francisco
14795,87,37,30,10,10,26,1,4,38,18,2722,500,510,2201,75,1,San Francisco
13703,41,17,14,5,5,12,1,2,18,8,2138,500,510,2201,75,1,San Francisco
14756,139,55,49,20,15,26,3,7,54,49,2707,511,521,2201,75,1,San Francisco
12524,116,46,41,17,12,21,3,6,45,41,1497,511,521,2201,75,1,San Francisco
14201,135,63,44,14,14,21,3,6,64,41,2402,373,380,2201,75,1,San Francisco
14800,101,39,36,15,11,19,2,5,40,35,2727,511,521,2201,75,1,San Francisco
14755,122,48,43,18,13,22,3,6,48,43,2706,511,521,2201,75,1,San Francisco
14805,72,29,25,10,8,13,2,4,28,25,2731,511,521,2201,75,1,San Francisco
16867,128,50,45,19,14,24,3,6,50,45,3869,511,521,2201,75,1,San Francisco
12525,88,35,31,13,9,16,2,4,35,31,1498,511,521,2201,75,1,San Francisco
16866,120,56,39,12,13,19,3,6,55,37,3868,373,380,2201,75,1,San Francisco
12521,224,104,73,23,24,35,5,10,106,68,1494,373,380,2201,75,1,San Francisco
13705,112,45,42,12,13,20,3,5,45,39,2140,372,379,2201,75,1,San Francisco
13571,35,15,12,4,4,11,1,1,15,7,2071,500,510,2201,75,1,San Francisco
14923,145,57,50,19,19,33,4,20,58,30,2788,370,377,2201,75,1,San Francisco
14797,147,58,51,19,19,34,4,21,58,30,2724,370,377,2201,75,1,San Francisco
14798,87,35,33,9,10,15,2,4,36,30,2725,372,379,2201,75,1,San Francisco
10143,150,62,56,15,17,26,4,7,61,52,75,372,379,2201,75,1,San Francisco
14752,211,86,79,22,24,37,5,10,86,73,2703,372,379,2201,75,1,San Francisco
14135,119,48,41,15,15,27,3,17,48,24,2368,370,377,2201,75,1,San Francisco
13193,81,33,28,10,10,19,2,11,32,17,1884,370,377,2201,75,1,San Francisco
14139,71,31,26,7,7,11,2,2,32,24,2371,512,522,2201,75,1,San Francisco
10141,104,45,38,11,10,16,4,4,45,35,73,512,522,2201,75,1,San Francisco
13005,160,71,58,16,15,25,5,6,70,54,1782,512,522,2201,75,1,San Francisco
10142,153,66,56,16,15,24,5,5,68,51,74,512,522,2201,75,1,San Francisco
14026,152,66,56,16,14,24,5,5,67,51,2307,512,522,2201,75,1,San Francisco
14141,215,94,79,22,20,34,7,7,95,72,2372,512,522,2201,75,1,San Francisco
15387,31,14,11,3,3,5,1,1,14,10,3049,512,522,2201,75,1,San Francisco
14205,0,0,0,0,0,0,0,0,0,0,2406,512,522,2201,75,1,San Francisco
11773,149,70,48,15,16,24,3,7,69,46,1064,373,380,2201,75,1,San Francisco
14202,110,45,41,11,13,19,3,5,45,38,2403,372,379,2201,75,1,San Francisco
14760,95,44,31,10,10,15,2,4,45,29,2709,373,380,2201,75,1,San Francisco
14759,117,46,37,15,19,22,5,23,46,21,2708,371,378,2201,75,1,San Francisco
12527,82,32,26,11,13,15,4,16,32,15,1499,371,378,2201,75,1,San Francisco
13574,112,44,35,15,18,21,5,22,44,20,2073,371,378,2201,75,1,San Francisco
14204,98,46,32,10,10,16,2,5,45,30,2405,373,380,2201,75,1,San Francisco
14024,124,49,39,16,20,23,5,25,49,22,2306,371,378,2201,75,1,San Francisco
14138,87,34,28,11,14,16,4,17,34,16,2370,371,378,2201,75,1,San Francisco
16871,123,48,39,16,20,23,5,24,49,22,3871,371,378,2201,75,1,San Francisco
14027,148,65,54,15,14,23,5,5,65,50,2308,512,522,2201,75,1,San Francisco
15172,130,53,43,17,17,20,3,6,54,47,2927,510,520,2201,75,1,San Francisco
17241,129,52,43,17,17,20,3,6,53,47,4076,510,520,2201,75,1,San Francisco
12530,194,79,65,25,25,30,5,9,79,71,1501,510,520,2201,75,1,San Francisco
16873,72,30,24,9,9,11,2,3,30,26,3873,510,520,2201,75,1,San Francisco
17242,106,43,35,14,14,16,3,5,43,39,4077,510,520,2201,75,1,San Francisco
15754,103,43,34,13,13,16,3,5,41,38,3259,510,520,2201,75,1,San Francisco
15753,119,49,40,15,15,18,3,6,49,43,3258,510,520,2201,75,1,San Francisco
15171,122,49,41,16,16,19,3,6,50,44,2926,510,520,2201,75,1,San Francisco
14928,428,245,117,28,38,86,10,48,245,39,2793,505,515,2201,75,1,San Francisco
16872,181,103,50,12,16,36,4,20,105,16,3872,507,517,2201,75,1,San Francisco
14927,91,43,26,10,12,14,3,14,43,17,2792,505,515,2201,75,1,San Francisco
14761,303,144,86,34,39,45,9,47,145,57,2710,504,514,2201,75,1,San Francisco
10681,124,71,34,8,11,25,3,14,71,11,409,507,517,2201,75,1,San Francisco
15751,193,99,52,20,22,38,8,42,98,7,3256,505,515,2201,75,1,San Francisco
10854,11,6,3,1,1,2,0,2,7,0,511,505,515,2201,75,1,San Francisco
15750,293,140,84,32,37,44,9,45,140,55,3255,504,514,2201,75,1,San Francisco
13922,82,40,23,9,10,12,2,13,39,16,2264,504,514,2201,75,1,San Francisco
15572,133,63,41,14,15,16,3,12,63,39,3152,509,519,2201,75,1,San Francisco
15526,51,24,16,5,6,6,1,4,25,15,3134,509,519,2201,75,1,San Francisco
15900,195,87,55,25,28,35,8,33,87,32,3325,508,518,2201,75,1,San Francisco
12229,97,46,30,10,11,12,2,8,47,28,1336,509,519,2201,75,1,San Francisco
10793,291,137,90,31,33,36,7,25,138,85,479,509,519,2201,75,1,San Francisco
12227,223,100,62,28,33,40,9,37,100,37,1335,508,518,2201,75,1,San Francisco
14860,156,84,53,12,7,18,3,4,84,47,2761,283,285,2201,75,1,San Francisco
12233,90,48,31,7,4,10,2,2,49,27,1339,283,285,2201,75,1,San Francisco
14645,63,36,17,4,6,13,1,7,36,6,2649,507,517,2201,75,1,San Francisco
15697,104,59,29,7,9,21,2,12,60,9,3226,507,517,2201,75,1,San Francisco
15168,187,95,51,20,21,37,8,41,94,7,2923,505,515,2201,75,1,San Francisco
16766,108,56,29,11,12,21,4,24,55,4,3822,505,515,2201,75,1,San Francisco
16763,135,64,39,15,17,20,4,21,64,26,3820,504,514,2201,75,1,San Francisco
16765,93,47,25,10,11,18,4,20,48,3,3821,505,515,2201,75,1,San Francisco
16055,82,37,23,10,12,15,3,14,36,14,3409,508,518,2201,75,1,San Francisco
15571,229,122,78,18,11,26,5,6,123,69,3151,283,285,2201,75,1,San Francisco
15170,0,0,0,0,0,0,0,0,0,0,2925,506,516,2201,75,1,San Francisco
16637,44,24,15,3,2,5,1,1,24,13,3739,283,285,2201,75,1,San Francisco
15577,109,66,32,6,5,17,2,4,66,20,3157,290,292,2201,75,1,San Francisco
14861,35,21,10,2,2,5,1,1,21,7,2762,290,292,2201,75,1,San Francisco
15336,132,90,29,7,6,12,2,3,90,25,3017,291,293,2201,75,1,San Francisco
15553,179,108,53,10,8,28,3,6,108,34,3145,290,292,2201,75,1,San Francisco
17240,195,68,56,32,39,50,10,55,69,11,4075,506,516,2201,75,1,San Francisco
16056,143,98,31,8,6,13,2,4,97,27,3410,291,293,2201,75,1,San Francisco
17239,165,58,47,27,33,43,9,47,57,9,4074,506,516,2201,75,1,San Francisco
15335,51,35,11,3,2,4,1,1,35,10,3016,291,293,2201,75,1,San Francisco
15575,99,68,22,5,4,9,2,2,67,19,3155,291,293,2201,75,1,San Francisco
14857,21,14,5,1,1,2,0,1,14,4,2758,291,293,2201,75,1,San Francisco
16579,46,27,15,3,1,8,1,2,27,8,3700,503,513,2201,75,1,San Francisco
15871,278,168,88,17,5,47,5,10,168,48,3307,503,513,2201,75,1,San Francisco
15574,339,204,108,21,6,58,6,13,203,59,3154,503,513,2201,75,1,San Francisco
12226,150,79,43,17,11,39,3,5,78,25,1334,466,476,2201,75,1,San Francisco
16382,148,77,43,17,11,38,3,5,77,25,3595,466,476,2201,75,1,San Francisco
16531,78,35,27,6,10,29,1,3,35,10,3670,465,475,2201,75,1,San Francisco
17118,94,42,33,7,12,35,1,3,43,12,4003,465,475,2201,75,1,San Francisco
10200,90,47,26,10,7,23,2,3,47,15,108,466,476,2201,75,1,San Francisco
17117,46,25,13,5,3,12,1,1,24,8,4002,466,476,2201,75,1,San Francisco
16015,57,26,20,4,7,21,1,2,25,8,3391,465,475,2201,75,1,San Francisco
17060,44,20,16,3,5,16,1,2,19,6,3962,465,475,2201,75,1,San Francisco
14852,57,32,16,5,4,17,0,1,31,8,2755,433,442,2201,75,1,San Francisco
12225,72,18,23,14,17,44,1,3,18,6,1333,432,441,2201,75,1,San Francisco
17116,0,0,0,0,0,0,0,0,0,0,4001,465,475,2201,75,1,San Francisco
16535,68,37,20,6,5,20,0,1,38,9,3672,433,442,2201,75,1,San Francisco
17121,54,22,20,6,6,21,2,2,21,8,4005,435,444,2201,75,1,San Francisco
16629,28,12,10,3,3,11,1,1,11,4,3734,435,444,2201,75,1,San Francisco
16738,144,74,42,17,11,37,3,4,76,24,3800,466,476,2201,75,1,San Francisco
11967,145,44,55,27,19,44,5,8,44,44,1179,498,508,2201,75,1,San Francisco
17081,95,50,27,11,7,25,2,3,49,16,3981,466,476,2201,75,1,San Francisco
12599,45,20,16,3,6,17,1,2,19,6,1542,465,475,2201,75,1,San Francisco
16987,100,52,29,12,7,26,2,3,52,17,3931,466,476,2201,75,1,San Francisco
11014,0,0,0,0,0,0,0,0,0,0,625,500,510,2201,75,1,San Francisco
11013,0,0,0,0,0,0,0,0,0,0,624,466,476,2201,75,1,San Francisco
17123,127,70,37,11,9,37,1,2,70,17,4007,433,442,2201,75,1,San Francisco
16986,0,0,0,0,0,0,0,0,0,0,3930,464,474,2201,75,1,San Francisco
16238,108,43,40,13,12,42,3,5,43,15,3502,435,444,2201,75,1,San Francisco
12171,43,17,16,5,5,17,1,2,17,6,1297,435,444,2201,75,1,San Francisco
12172,92,36,34,11,11,36,3,4,36,13,1298,435,444,2201,75,1,San Francisco
17122,35,14,13,4,4,13,1,2,14,5,4006,435,444,2201,75,1,San Francisco
16016,151,83,44,13,11,44,1,2,84,20,3392,433,442,2201,75,1,San Francisco
12173,125,50,40,21,14,35,5,9,49,27,1299,464,474,2201,75,1,San Francisco
17061,51,28,15,4,4,15,0,1,28,7,3963,433,442,2201,75,1,San Francisco
13637,72,28,27,9,8,28,2,3,29,10,2101,435,444,2201,75,1,San Francisco
17124,76,30,28,9,9,30,2,3,30,11,4008,435,444,2201,75,1,San Francisco
10790,44,10,16,7,11,26,2,2,10,4,477,434,443,2201,75,1,San Francisco
12170,28,7,10,4,7,17,1,1,7,2,1296,434,443,2201,75,1,San Francisco
17311,44,10,16,7,11,26,2,2,10,4,4112,434,443,2201,75,1,San Francisco
13636,40,9,15,6,10,25,1,2,9,3,2100,434,443,2201,75,1,San Francisco
16235,28,7,10,4,7,17,1,1,7,2,3500,434,443,2201,75,1,San Francisco
16236,24,6,8,4,6,14,1,1,6,2,3501,434,443,2201,75,1,San Francisco
16534,60,14,22,9,15,36,2,3,14,5,3671,434,443,2201,75,1,San Francisco
11678,135,51,54,17,13,35,3,8,51,38,1017,463,473,2201,75,1,San Francisco
14197,44,19,15,5,5,13,1,2,19,9,2399,500,510,2201,75,1,San Francisco
17127,72,27,29,9,7,19,2,4,27,20,4011,463,473,2201,75,1,San Francisco
12600,118,44,48,15,11,30,3,7,45,33,1543,463,473,2201,75,1,San Francisco
10594,82,31,33,10,8,21,2,5,31,23,366,463,473,2201,75,1,San Francisco
11081,76,29,30,10,7,20,2,5,28,21,657,463,473,2201,75,1,San Francisco
14749,0,0,0,0,0,0,0,0,0,0,2702,500,510,2201,75,1,San Francisco
12518,85,32,34,11,8,22,2,5,32,24,1493,463,473,2201,75,1,San Francisco
14794,140,60,48,16,16,42,2,6,61,29,2721,500,510,2201,75,1,San Francisco
14198,84,32,25,10,17,12,3,16,32,21,2400,468,478,2201,75,1,San Francisco
14534,123,46,36,15,26,18,4,24,47,30,2590,468,478,2201,75,1,San Francisco
10697,78,32,27,11,8,18,1,4,33,22,417,461,471,2201,75,1,San Francisco
17126,93,36,30,16,11,26,4,6,37,20,4010,464,474,2201,75,1,San Francisco
14532,66,27,21,11,7,18,3,5,26,14,2588,464,474,2201,75,1,San Francisco
11080,79,32,25,13,9,22,3,5,32,17,656,464,474,2201,75,1,San Francisco
10074,104,42,36,15,11,24,2,6,43,29,38,461,471,2201,75,1,San Francisco
14533,71,29,25,10,7,17,1,4,29,20,2589,461,471,2201,75,1,San Francisco
10839,0,0,0,0,0,0,0,0,0,0,501,370,377,2201,75,1,San Francisco
11011,0,0,0,0,0,0,0,0,0,0,623,370,377,2201,75,1,San Francisco
14796,45,18,13,5,9,7,2,9,16,11,2723,468,478,2201,75,1,San Francisco
10876,41,15,12,5,9,6,1,8,16,10,527,468,478,2201,75,1,San Francisco
13704,168,67,58,21,22,39,5,24,65,35,2139,370,377,2201,75,1,San Francisco
11067,138,54,48,18,18,32,4,19,55,28,649,370,377,2201,75,1,San Francisco
10078,0,0,0,0,0,0,0,0,0,0,42,468,478,2201,75,1,San Francisco
12516,0,0,0,0,0,0,0,0,0,0,1491,468,478,2201,75,1,San Francisco
16944,23,10,8,3,2,5,0,1,10,7,3908,461,471,2201,75,1,San Francisco
10075,98,40,34,14,10,23,2,6,39,28,39,461,471,2201,75,1,San Francisco
10698,93,38,32,13,10,22,2,5,38,26,418,461,471,2201,75,1,San Francisco
10076,7,3,2,1,1,2,0,0,3,2,40,461,471,2201,75,1,San Francisco
14536,81,33,30,9,9,23,2,3,32,21,2592,462,472,2201,75,1,San Francisco
14542,89,36,33,10,10,25,2,3,36,23,2596,462,472,2201,75,1,San Francisco
11015,33,13,12,4,4,9,1,1,14,8,626,462,472,2201,75,1,San Francisco
16950,96,39,36,10,11,27,2,4,39,24,3914,462,472,2201,75,1,San Francisco
10147,410,65,103,105,137,164,16,29,65,136,77,571,584,2201,75,1,San Francisco
14803,99,43,29,11,16,26,4,19,43,7,2730,369,376,2201,75,1,San Francisco
16870,0,0,0,0,0,0,0,0,0,0,3870,369,376,2201,75,1,San Francisco
14591,191,124,48,13,6,29,2,12,124,24,2614,469,479,2201,75,1,San Francisco
11086,0,0,0,0,0,0,0,0,0,0,661,469,479,2201,75,1,San Francisco
10532,287,188,72,19,8,43,2,18,187,37,334,469,479,2201,75,1,San Francisco
14023,93,40,27,11,15,25,3,18,40,7,2305,369,376,2201,75,1,San Francisco
14926,145,62,55,18,10,29,5,11,62,38,2791,502,512,2201,75,1,San Francisco
14545,31,20,8,2,1,5,0,2,20,4,2599,469,479,2201,75,1,San Francisco
11090,230,149,58,16,7,34,2,14,151,29,663,469,479,2201,75,1,San Francisco
10597,24,11,8,3,2,6,0,1,10,7,369,461,471,2201,75,1,San Francisco
16952,101,40,38,11,12,29,2,4,40,26,3916,462,472,2201,75,1,San Francisco
14592,0,0,0,0,0,0,0,0,0,0,2615,462,472,2201,75,1,San Francisco
14590,59,24,22,6,7,17,1,2,24,15,2613,462,472,2201,75,1,San Francisco
16954,131,61,48,14,8,38,2,3,61,27,3918,458,468,2201,75,1,San Francisco
10598,51,24,19,5,3,15,1,1,23,11,370,458,468,2201,75,1,San Francisco
14543,49,23,18,5,3,14,1,1,23,10,2597,458,468,2201,75,1,San Francisco
14203,684,291,261,83,49,136,26,54,291,177,2404,502,512,2201,75,1,San Francisco
10853,192,82,73,23,14,38,7,15,82,50,510,502,512,2201,75,1,San Francisco
15898,0,0,0,0,0,0,0,0,0,0,3324,502,512,2201,75,1,San Francisco
14137,197,84,75,24,14,39,7,16,84,51,2369,502,512,2201,75,1,San Francisco
10840,0,0,0,0,0,0,0,0,0,0,502,469,479,2201,75,1,San Francisco
11500,0,0,0,0,0,0,0,0,0,0,919,470,480,2201,75,1,San Francisco
12546,127,60,46,13,8,37,2,3,59,26,1514,458,468,2201,75,1,San Francisco
11157,94,44,34,10,6,27,1,2,44,20,709,458,468,2201,75,1,San Francisco
14474,91,59,23,6,3,14,1,6,58,12,2558,469,479,2201,75,1,San Francisco
14544,130,67,44,11,8,30,2,7,65,26,2598,459,469,2201,75,1,San Francisco
11068,115,79,27,4,5,21,2,3,80,9,650,470,480,2201,75,1,San Francisco
15969,88,45,30,7,6,20,1,4,46,17,3369,459,469,2201,75,1,San Francisco
15968,75,38,26,6,5,17,1,4,38,15,3368,459,469,2201,75,1,San Francisco
12545,139,70,48,12,9,32,2,7,70,28,1513,459,469,2201,75,1,San Francisco
10994,99,51,34,8,6,23,1,5,50,20,612,459,469,2201,75,1,San Francisco
11499,115,59,39,10,7,27,1,6,58,23,918,459,469,2201,75,1,San Francisco
12577,415,198,133,46,38,108,14,42,197,54,1536,501,511,2201,75,1,San Francisco
15169,455,217,146,51,41,119,15,46,216,59,2924,501,511,2201,75,1,San Francisco
17359,197,94,63,22,18,51,6,20,95,25,4128,501,511,2201,75,1,San Francisco
15904,28,19,7,1,1,5,1,1,19,2,3328,470,480,2201,75,1,San Francisco
10995,111,57,38,9,7,26,1,6,56,22,613,459,469,2201,75,1,San Francisco
12548,186,127,44,10,5,25,2,5,127,27,1516,460,470,2201,75,1,San Francisco
12547,68,46,16,4,2,9,1,2,46,10,1515,460,470,2201,75,1,San Francisco
10499,216,149,51,11,5,29,2,6,148,31,312,460,470,2201,75,1,San Francisco
15905,403,278,95,14,16,73,8,10,279,33,3329,470,480,2201,75,1,San Francisco
15851,507,350,119,18,20,92,10,13,351,41,3294,470,480,2201,75,1,San Francisco
12549,292,201,69,15,7,39,2,8,201,42,1517,460,470,2201,75,1,San Francisco
11501,259,178,61,14,6,34,2,7,179,37,920,460,470,2201,75,1,San Francisco
12004,200,138,47,10,5,27,2,5,137,29,1203,460,470,2201,75,1,San Francisco
14856,54,33,17,3,1,9,1,2,33,9,2757,503,513,2201,75,1,San Francisco
16193,1,1,0,0,0,0,0,0,1,0,3474,503,513,2201,75,1,San Francisco
15752,210,126,67,13,4,36,3,8,127,36,3257,503,513,2201,75,1,San Francisco
17308,108,65,34,7,2,18,2,4,65,19,4109,503,513,2201,75,1,San Francisco
14186,103,62,33,6,2,17,2,4,62,18,2393,503,513,2201,75,1,San Francisco
16577,112,67,36,7,2,19,2,4,68,19,3699,503,513,2201,75,1,San Francisco
16576,80,49,25,5,1,14,1,3,48,14,3698,503,513,2201,75,1,San Francisco
12230,122,74,39,7,2,21,2,5,73,21,1337,503,513,2201,75,1,San Francisco
13455,90,60,25,4,1,17,1,3,60,9,2017,457,467,2201,75,1,San Francisco
16633,108,65,34,7,2,18,2,4,65,19,3737,503,513,2201,75,1,San Francisco
12491,92,61,26,4,1,17,1,3,61,10,1478,457,467,2201,75,1,San Francisco
17255,241,161,67,9,4,45,3,7,161,25,4081,457,467,2201,75,1,San Francisco
17307,295,199,77,12,7,36,3,4,198,54,4108,456,466,2201,75,1,San Francisco
17357,168,113,44,7,4,21,1,2,113,31,4126,456,466,2201,75,1,San Francisco
12428,271,182,71,11,7,33,2,4,183,49,1444,456,466,2201,75,1,San Francisco
17310,194,129,54,8,3,36,2,6,130,20,4111,457,467,2201,75,1,San Francisco
12430,0,0,0,0,0,0,0,0,0,0,1445,457,467,2201,75,1,San Francisco
17358,39,26,10,2,1,5,0,1,26,7,4127,456,466,2201,75,1,San Francisco
12489,265,178,69,11,7,32,2,4,179,48,1477,456,466,2201,75,1,San Francisco
10951,0,0,0,0,0,0,0,0,0,0,584,456,466,2201,75,1,San Francisco
15338,181,109,54,10,8,28,3,6,110,34,3019,290,292,2201,75,1,San Francisco
16586,125,76,37,7,5,19,2,4,77,23,3701,290,292,2201,75,1,San Francisco
12107,0,0,0,0,0,0,0,0,0,0,1255,290,292,2201,75,1,San Francisco
15337,0,0,0,0,0,0,0,0,0,0,3018,291,293,2201,75,1,San Francisco
16057,0,0,0,0,0,0,0,0,0,0,3411,291,293,2201,75,1,San Francisco
14858,72,44,23,4,1,12,1,3,44,12,2759,503,513,2201,75,1,San Francisco
